abbreviationA,abbreviationB,distance
AAS,ABG,3712.2059999999988
AAS,AGG,1093.2510000000002
AAS,ALB,3968.3259999999987
AAS,ASC,1630.1780000000003
AAS,BAB,1630.1780000000003
AAS,BCN,1086.849
AAS,BRB,725.78
AAS,BSC,696.065
AAS,CAS,384.34700000000004
AAS,CDS,534.8889999999999
AAS,CFA,656.604
AAS,CGS,712.3549999999999
AAS,CLN,786.543
AAS,CNS,829.155
AAS,COM,610.727
AAS,CRW,945.3589999999999
AAS,CSE,1476.6460000000002
AAS,CTC,3793.4399999999987
AAS,EGL,674.981
AAS,EIB,874.6469999999998
AAS,EIL,1476.6460000000002
AAS,EMA,327.86400000000003
AAS,EMB,192.871
AAS,ENG,336.945
AAS,EOP,762.463
AAS,EPC,404.26200000000006
AAS,ERA,517.9739999999999
AAS,ERB,517.9739999999999
AAS,EVN,3712.2059999999988
AAS,FAB,1081.048
AAS,FCB,915.342
AAS,FCC,886.843
AAS,FLR,387.32
AAS,FOB,412.6170000000001
AAS,FPH,980.756
AAS,FRC,949.0150000000001
AAS,GDP,1204.9879999999998
AAS,GDS,3787.728999999999
AAS,GMS,3712.2059999999988
AAS,GRS,354.22700000000003
AAS,GSU,490.73599999999993
AAS,HAR,857.8709999999999
AAS,HAW,901.296
AAS,HIS,593.405
AAS,HOU,3712.2059999999988
AAS,IEC,762.463
AAS,INS,3712.2059999999988
AAS,IRB,846.4889999999999
AAS,IRC,846.4889999999999
AAS,JSC,874.6469999999998
AAS,KCB,971.175
AAS,KHC,1089.1390000000001
AAS,LAW,488.92300000000006
AAS,LEV,651.594
AAS,LNG,321.238
AAS,LSE,627.161
AAS,MCH,643.5980000000001
AAS,MCS,470.711
AAS,MED,3862.0349999999994
AAS,MET,1227.927
AAS,MOR,724.7260000000001
AAS,MUG,488.92300000000006
AAS,OSW,817.3389999999999
AAS,PDP,949.0150000000001
AAS,PHO,196.662
AAS,PLS,593.405
AAS,PRB,725.78
AAS,PSY,907.497
AAS,PTH,1059.6860000000004
AAS,REL,874.6469999999998
AAS,RKC,643.289
AAS,SAC,422.878
AAS,SAL,535.073
AAS,SAR,626.9459999999998
AAS,SCI,790.575
AAS,SDM,3787.728999999999
AAS,SHA,943.2420000000001
AAS,SLB,627.161
AAS,SOC,907.497
AAS,SPH,3862.0349999999994
AAS,SSW,725.0180000000001
AAS,STH,467.17400000000004
AAS,STO,508.62199999999996
AAS,THA,656.604
AAS,TTC,1675.7140000000006
AAS,WEA,749.4729999999998
AAS,WED,763.741
AAS,XBG,3860.2119999999995
AAS,YAW,1025.848
ABG,AGG,4630.370000000003
ABG,ALB,423.92600000000004
ABG,ASC,5167.297000000002
ABG,BAB,5167.297000000002
ABG,BCN,2962.2180000000003
ABG,BRB,3132.2490000000003
ABG,BSC,3129.636
ABG,CAS,3506.524
ABG,CDS,3336.612
ABG,CFA,4191.369000000002
ABG,CGS,4257.661000000002
ABG,CLN,4347.861
ABG,CNS,2886.4739999999997
ABG,COM,3254.342
ABG,CRW,4435.441000000001
ABG,CSE,5013.765000000002
ABG,CTC,551.4460000000001
ABG,EGL,3487.324
ABG,EIB,3137.157
ABG,EIL,5013.765000000002
ABG,EMA,3660.8310000000015
ABG,EMB,3612.900999999999
ABG,ENG,3497.449
ABG,EOP,4323.780999999999
ABG,EPC,3849.9279999999985
ABG,ERA,3316.42
ABG,ERB,3316.42
ABG,EVN,0.0
ABG,FAB,3499.7580000000007
ABG,FCB,3334.5010000000007
ABG,FCC,3430.7960000000007
ABG,FLR,3981.7949999999987
ABG,FOB,3472.262999999999
ABG,FPH,3411.8080000000004
ABG,FRC,4483.7800000000025
ABG,GDP,2722.6620000000003
ABG,GDS,264.305
ABG,GMS,0.0
ABG,GRS,3538.078
ABG,GSU,3896.898
ABG,HAR,3016.996
ABG,HAW,4084.924
ABG,HIS,3411.3669999999997
ABG,HOU,0.0
ABG,IEC,4323.780999999999
ABG,INS,0.0
ABG,IRB,3154.8300000000004
ABG,IRC,3154.8300000000004
ABG,JSC,3137.157
ABG,KCB,2899.072
ABG,KHC,2912.3140000000003
ABG,LAW,3805.0910000000003
ABG,LEV,3455.9030000000002
ABG,LNG,3483.451999999999
ABG,LSE,3207.269
ABG,MCH,3651.454
ABG,MCS,3333.536999999999
ABG,MED,228.05800000000002
ABG,MET,4789.244999999999
ABG,MOR,3098.666
ABG,MUG,3805.0910000000003
ABG,OSW,3122.072
ABG,PDP,4483.7800000000025
ABG,PHO,3607.695999999999
ABG,PLS,3411.3669999999997
ABG,PRB,3132.2490000000003
ABG,PSY,3487.6049999999996
ABG,PTH,4597.126000000003
ABG,REL,3137.157
ABG,RKC,3205.306
ABG,SAC,3939.8500000000017
ABG,SAL,4052.045000000002
ABG,SAR,3244.555
ABG,SCI,3074.7290000000003
ABG,SDM,264.305
ABG,SHA,4504.5599999999995
ABG,SLB,3207.269
ABG,SOC,3487.6049999999996
ABG,SPH,228.05800000000002
ABG,SSW,3554.599
ABG,STH,3783.3420000000006
ABG,STO,3384.5080000000003
ABG,THA,4191.369000000002
ABG,TTC,5212.833000000001
ABG,WEA,3200.4410000000007
ABG,WED,3107.355
ABG,XBG,336.288
ABG,YAW,2904.4300000000003
AGG,ALB,4886.489999999998
AGG,ASC,536.927
AGG,BAB,536.927
AGG,BCN,2004.9950000000006
AGG,BRB,1623.9210000000003
AGG,BSC,1629.7120000000004
AGG,CAS,1148.5199999999998
AGG,CDS,1302.3039999999996
AGG,CFA,439.001
AGG,CGS,381.64200000000005
AGG,CLN,306.708
AGG,CNS,1787.2110000000002
AGG,COM,1444.5920000000003
AGG,CRW,1210.992
AGG,CSE,383.39500000000004
AGG,CTC,4738.080999999999
AGG,EGL,1310.854
AGG,EIB,1632.329
AGG,EIL,383.39500000000004
AGG,EMA,1135.125
AGG,EMB,1117.692
AGG,ENG,1261.8990000000003
AGG,EOP,330.78800000000007
AGG,EPC,984.418
AGG,ERA,1442.9280000000003
AGG,ERB,1442.9280000000003
AGG,EVN,4630.369999999999
AGG,FAB,2119.9540000000006
AGG,FCB,1954.2480000000007
AGG,FCC,1925.7490000000007
AGG,FLR,745.6540000000002
AGG,FOB,1247.4830000000002
AGG,FPH,2019.6620000000007
AGG,FRC,337.3299999999999
AGG,GDP,2035.5639999999999
AGG,GDS,4705.892999999998
AGG,GMS,4630.369999999999
AGG,GRS,1118.3999999999996
AGG,GSU,939.9669999999999
AGG,HAR,1626.5399999999995
AGG,HAW,1740.0890000000002
AGG,HIS,1352.478
AGG,HOU,4630.369999999999
AGG,IEC,330.78800000000007
AGG,INS,4630.369999999999
AGG,IRB,1609.79
AGG,IRC,1609.79
AGG,JSC,1632.329
AGG,KCB,1739.8439999999996
AGG,KHC,1858.0469999999998
AGG,LAW,994.3179999999999
AGG,LEV,1302.323
AGG,LNG,1246.1920000000002
AGG,LSE,1552.1150000000002
AGG,MCH,1148.993
AGG,MCS,1304.576
AGG,MED,4780.1990000000005
AGG,MET,324.75800000000004
AGG,MOR,1558.5910000000001
AGG,MUG,994.3179999999999
AGG,OSW,1585.7059999999997
AGG,PDP,337.3299999999999
AGG,PHO,1122.75
AGG,PLS,1352.478
AGG,PRB,1623.9210000000003
AGG,PSY,1832.4510000000002
AGG,PTH,74.45
AGG,REL,1632.329
AGG,RKC,1477.1540000000002
AGG,SAC,872.1089999999998
AGG,SAL,802.7039999999998
AGG,SAR,1394.3609999999996
AGG,SCI,1640.5730000000003
AGG,SDM,4705.892999999998
AGG,SHA,245.22900000000004
AGG,SLB,1552.1150000000002
AGG,SOC,1832.4510000000002
AGG,SPH,4780.1990000000005
AGG,SSW,1230.413
AGG,STH,972.5689999999998
AGG,STO,1275.0059999999996
AGG,THA,439.001
AGG,TTC,582.4629999999999
AGG,WEA,1516.3939999999998
AGG,WED,1531.5609999999997
AGG,XBG,4778.3759999999975
AGG,YAW,1805.0699999999997
ALB,ASC,5423.417
ALB,BAB,5423.417
ALB,BCN,3218.3379999999993
ALB,BRB,3388.3689999999992
ALB,BSC,3385.755999999999
ALB,CAS,3762.643999999999
ALB,CDS,3592.731999999999
ALB,CFA,4447.4890000000005
ALB,CGS,4513.781000000001
ALB,CLN,4603.980999999998
ALB,CNS,3142.5939999999987
ALB,COM,3510.461999999999
ALB,CRW,4691.561
ALB,CSE,5269.885
ALB,CTC,365.12600000000003
ALB,EGL,3743.443999999999
ALB,EIB,3393.276999999999
ALB,EIL,5269.885
ALB,EMA,3916.9510000000005
ALB,EMB,3869.020999999998
ALB,ENG,3753.568999999999
ALB,EOP,4579.900999999997
ALB,EPC,4106.047999999997
ALB,ERA,3572.539999999999
ALB,ERB,3572.539999999999
ALB,EVN,423.926
ALB,FAB,3700.7429999999977
ALB,FCB,3536.4539999999984
ALB,FCC,3632.7489999999984
ALB,FLR,4237.914999999997
ALB,FOB,3728.382999999998
ALB,FPH,3613.760999999998
ALB,FRC,4739.900000000001
ALB,GDP,2978.7819999999992
ALB,GDS,194.12100000000004
ALB,GMS,423.926
ALB,GRS,3794.197999999999
ALB,GSU,4153.018
ALB,HAR,3273.115999999999
ALB,HAW,4336.5689999999995
ALB,HIS,3667.4869999999987
ALB,HOU,423.926
ALB,IEC,4579.900999999997
ALB,INS,423.926
ALB,IRB,3410.9499999999994
ALB,IRC,3410.9499999999994
ALB,JSC,3393.276999999999
ALB,KCB,3155.191999999999
ALB,KHC,3168.4339999999993
ALB,LAW,4061.2109999999993
ALB,LEV,3712.0229999999992
ALB,LNG,3739.571999999998
ALB,LSE,3463.3889999999988
ALB,MCH,3907.573999999999
ALB,MCS,3589.656999999998
ALB,MED,195.868
ALB,MET,5045.364999999997
ALB,MOR,3354.785999999999
ALB,MUG,4061.2109999999993
ALB,OSW,3378.191999999999
ALB,PDP,4739.900000000001
ALB,PHO,3863.815999999998
ALB,PLS,3667.4869999999987
ALB,PRB,3388.3689999999992
ALB,PSY,3743.7249999999985
ALB,PTH,4853.246000000002
ALB,REL,3393.276999999999
ALB,RKC,3461.425999999999
ALB,SAC,4195.97
ALB,SAL,4308.165000000001
ALB,SAR,3500.674999999999
ALB,SCI,3330.8489999999993
ALB,SDM,194.12100000000004
ALB,SHA,4760.679999999998
ALB,SLB,3463.3889999999988
ALB,SOC,3743.7249999999985
ALB,SPH,195.868
ALB,SSW,3810.718999999999
ALB,STH,4039.4619999999995
ALB,STO,3640.6279999999992
ALB,THA,4447.4890000000005
ALB,TTC,5468.9529999999995
ALB,WEA,3456.5609999999997
ALB,WED,3363.474999999999
ALB,XBG,123.76599999999999
ALB,YAW,3160.5499999999993
ASC,BAB,0.0
ASC,BCN,2541.922
ASC,BRB,2160.848
ASC,BSC,2166.639
ASC,CAS,1685.447
ASC,CDS,1839.2309999999998
ASC,CFA,975.9279999999998
ASC,CGS,918.569
ASC,CLN,843.635
ASC,CNS,2324.138
ASC,COM,1981.519
ASC,CRW,1747.9189999999999
ASC,CSE,153.53199999999998
ASC,CTC,5275.008000000002
ASC,EGL,1847.7809999999997
ASC,EIB,2169.256
ASC,EIL,153.53199999999998
ASC,EMA,1672.0519999999997
ASC,EMB,1654.6189999999997
ASC,ENG,1798.826
ASC,EOP,867.715
ASC,EPC,1521.3449999999998
ASC,ERA,1979.855
ASC,ERB,1979.855
ASC,EVN,5167.297
ASC,FAB,2656.201
ASC,FCB,2491.175
ASC,FCC,2462.6760000000004
ASC,FLR,1282.581
ASC,FOB,1784.4099999999999
ASC,FPH,2556.589
ASC,FRC,874.2569999999997
ASC,GDP,2572.491
ASC,GDS,5242.819999999999
ASC,GMS,5167.297
ASC,GRS,1655.3269999999998
ASC,GSU,1476.8939999999996
ASC,HAR,2163.4669999999996
ASC,HAW,2277.016
ASC,HIS,1889.4049999999997
ASC,HOU,5167.297
ASC,IEC,867.715
ASC,INS,5167.297
ASC,IRB,2146.717
ASC,IRC,2146.717
ASC,JSC,2169.256
ASC,KCB,2276.7709999999997
ASC,KHC,2394.9739999999997
ASC,LAW,1531.2449999999997
ASC,LEV,1839.2499999999998
ASC,LNG,1783.119
ASC,LSE,2089.042
ASC,MCH,1685.9199999999996
ASC,MCS,1841.5029999999997
ASC,MED,5317.126
ASC,MET,410.52699999999993
ASC,MOR,2095.518
ASC,MUG,1531.2449999999997
ASC,OSW,2122.633
ASC,PDP,874.2569999999997
ASC,PHO,1659.6769999999997
ASC,PLS,1889.4049999999997
ASC,PRB,2160.848
ASC,PSY,2369.3779999999997
ASC,PTH,572.555
ASC,REL,2169.256
ASC,RKC,2014.081
ASC,SAC,1409.0359999999998
ASC,SAL,1339.6309999999999
ASC,SAR,1931.2879999999998
ASC,SCI,2177.5
ASC,SDM,5242.819999999999
ASC,SHA,782.156
ASC,SLB,2089.042
ASC,SOC,2369.3779999999997
ASC,SPH,5317.126
ASC,SSW,1767.3399999999997
ASC,STH,1509.4959999999996
ASC,STO,1811.9329999999998
ASC,THA,975.9279999999998
ASC,TTC,232.292
ASC,WEA,2053.321
ASC,WED,2068.488
ASC,XBG,5315.302999999998
ASC,YAW,2341.997
BAB,BCN,2541.922
BAB,BRB,2160.848
BAB,BSC,2166.639
BAB,CAS,1685.447
BAB,CDS,1839.2309999999998
BAB,CFA,975.9279999999998
BAB,CGS,918.569
BAB,CLN,843.635
BAB,CNS,2324.138
BAB,COM,1981.519
BAB,CRW,1747.9189999999999
BAB,CSE,153.53199999999998
BAB,CTC,5275.008000000002
BAB,EGL,1847.7809999999997
BAB,EIB,2169.256
BAB,EIL,153.53199999999998
BAB,EMA,1672.0519999999997
BAB,EMB,1654.6189999999997
BAB,ENG,1798.826
BAB,EOP,867.715
BAB,EPC,1521.3449999999998
BAB,ERA,1979.855
BAB,ERB,1979.855
BAB,EVN,5167.297
BAB,FAB,2656.201
BAB,FCB,2491.175
BAB,FCC,2462.6760000000004
BAB,FLR,1282.581
BAB,FOB,1784.4099999999999
BAB,FPH,2556.589
BAB,FRC,874.2569999999997
BAB,GDP,2572.491
BAB,GDS,5242.819999999999
BAB,GMS,5167.297
BAB,GRS,1655.3269999999998
BAB,GSU,1476.8939999999996
BAB,HAR,2163.4669999999996
BAB,HAW,2277.016
BAB,HIS,1889.4049999999997
BAB,HOU,5167.297
BAB,IEC,867.715
BAB,INS,5167.297
BAB,IRB,2146.717
BAB,IRC,2146.717
BAB,JSC,2169.256
BAB,KCB,2276.7709999999997
BAB,KHC,2394.9739999999997
BAB,LAW,1531.2449999999997
BAB,LEV,1839.2499999999998
BAB,LNG,1783.119
BAB,LSE,2089.042
BAB,MCH,1685.9199999999996
BAB,MCS,1841.5029999999997
BAB,MED,5317.126
BAB,MET,410.52699999999993
BAB,MOR,2095.518
BAB,MUG,1531.2449999999997
BAB,OSW,2122.633
BAB,PDP,874.2569999999997
BAB,PHO,1659.6769999999997
BAB,PLS,1889.4049999999997
BAB,PRB,2160.848
BAB,PSY,2369.3779999999997
BAB,PTH,572.555
BAB,REL,2169.256
BAB,RKC,2014.081
BAB,SAC,1409.0359999999998
BAB,SAL,1339.6309999999999
BAB,SAR,1931.2879999999998
BAB,SCI,2177.5
BAB,SDM,5242.819999999999
BAB,SHA,782.156
BAB,SLB,2089.042
BAB,SOC,2369.3779999999997
BAB,SPH,5317.126
BAB,SSW,1767.3399999999997
BAB,STH,1509.4959999999996
BAB,STO,1811.9329999999998
BAB,THA,975.9279999999998
BAB,TTC,232.292
BAB,WEA,2053.321
BAB,WED,2068.488
BAB,XBG,5315.302999999998
BAB,YAW,2341.997
BCN,BRB,503.46900000000005
BCN,BSC,500.856
BCN,CAS,883.679
BCN,CDS,713.767
BCN,CFA,1565.994
BCN,CGS,1632.2859999999998
BCN,CLN,1719.081
BCN,CNS,257.69399999999996
BCN,COM,625.5619999999999
BCN,CRW,1836.956
BCN,CSE,2388.39
BCN,CTC,3069.929
BCN,EGL,893.8660000000001
BCN,EIB,566.992
BCN,EIL,2388.39
BCN,EMA,1035.456
BCN,EMB,984.1210000000002
BCN,ENG,868.669
BCN,EOP,1695.0010000000002
BCN,EPC,1221.1480000000001
BCN,ERA,687.64
BCN,ERB,687.64
BCN,EVN,2962.217999999999
BCN,FAB,1324.9829999999997
BCN,FCB,1159.7259999999997
BCN,FCC,1256.0209999999997
BCN,FLR,1353.015
BCN,FOB,843.4830000000002
BCN,FPH,1237.0329999999997
BCN,FRC,1858.4049999999997
BCN,GDP,476.84800000000007
BCN,GDS,3037.740999999999
BCN,GMS,2962.217999999999
BCN,GRS,915.233
BCN,GSU,1308.1430000000003
BCN,HAR,402.7920000000001
BCN,HAW,1580.168
BCN,HIS,812.2900000000001
BCN,HOU,2962.217999999999
BCN,IEC,1695.0010000000002
BCN,INS,2962.217999999999
BCN,IRB,567.02
BCN,IRC,567.02
BCN,JSC,566.992
BCN,KCB,312.96700000000004
BCN,KHC,383.71000000000004
BCN,LAW,1182.204
BCN,LEV,870.4790000000002
BCN,LNG,854.6720000000001
BCN,LSE,578.489
BCN,MCH,1057.996
BCN,MCS,704.7570000000001
BCN,MED,3112.0469999999996
BCN,MET,2160.465
BCN,MOR,469.88599999999997
BCN,MUG,1182.204
BCN,OSW,499.227
BCN,PDP,1858.4049999999997
BCN,PHO,978.9160000000002
BCN,PLS,812.2900000000001
BCN,PRB,503.46900000000005
BCN,PSY,858.825
BCN,PTH,1971.7510000000002
BCN,REL,566.992
BCN,RKC,576.526
BCN,SAC,1314.475
BCN,SAL,1426.6699999999998
BCN,SAR,621.71
BCN,SCI,445.949
BCN,SDM,3037.740999999999
BCN,SHA,1875.7799999999997
BCN,SLB,578.489
BCN,SOC,858.825
BCN,SPH,3112.0469999999996
BCN,SSW,961.1410000000002
BCN,STH,1160.455
BCN,STO,761.663
BCN,THA,1565.994
BCN,TTC,2587.458
BCN,WEA,592.0409999999999
BCN,WED,484.51
BCN,XBG,3110.2239999999997
BCN,YAW,326.85499999999996
BRB,BSC,30.333000000000002
BRB,CAS,506.35699999999997
BRB,CDS,337.231
BRB,CFA,1184.92
BRB,CGS,1251.2119999999995
BRB,CLN,1333.6689999999996
BRB,CNS,273.636
BRB,COM,207.667
BRB,CRW,1455.8819999999998
BRB,CSE,2007.316
BRB,CTC,3239.96
BRB,EGL,517.051
BRB,EIB,217.2
BRB,EIL,2007.316
BRB,EMA,654.3819999999998
BRB,EMB,534.323
BRB,ENG,388.835
BRB,EOP,1309.589
BRB,EPC,835.736
BRB,ERA,207.80599999999998
BRB,ERB,207.80599999999998
BRB,EVN,3132.2489999999984
BRB,FAB,1181.661
BRB,FCB,1015.955
BRB,FCC,987.456
BRB,FLR,967.603
BRB,FOB,458.0709999999999
BRB,FPH,1081.3690000000001
BRB,FRC,1477.331
BRB,GDP,618.182
BRB,GDS,3207.7719999999986
BRB,GMS,3132.2489999999984
BRB,GRS,537.911
BRB,GSU,931.3280000000001
BRB,HAR,190.588
BRB,HAW,1236.113
BRB,HIS,435.475
BRB,HOU,3132.2489999999984
BRB,IEC,1309.589
BRB,INS,3132.2489999999984
BRB,IRB,199.415
BRB,IRC,199.415
BRB,JSC,217.2
BRB,KCB,303.892
BRB,KHC,442.918
BRB,LAW,803.69
BRB,LEV,493.664
BRB,LNG,404.542
BRB,LSE,106.667
BRB,MCH,681.1810000000002
BRB,MCS,319.34499999999997
BRB,MED,3282.0779999999995
BRB,MET,1775.0529999999999
BRB,MOR,84.474
BRB,MUG,803.69
BRB,OSW,150.056
BRB,PDP,1477.331
BRB,PHO,529.1179999999999
BRB,PLS,435.475
BRB,PRB,0.0
BRB,PSY,387.00300000000004
BRB,PTH,1590.6770000000001
BRB,REL,217.2
BRB,RKC,158.631
BRB,SAC,933.401
BRB,SAL,1045.5959999999998
BRB,SAR,245.195
BRB,SCI,87.863
BRB,SDM,3207.7719999999986
BRB,SHA,1490.3679999999995
BRB,SLB,106.667
BRB,SOC,387.00300000000004
BRB,SPH,3282.0779999999995
BRB,SSW,584.3260000000001
BRB,STH,781.941
BRB,STO,384.848
BRB,THA,1184.92
BRB,TTC,2206.384
BRB,WEA,224.43599999999998
BRB,WED,107.995
BRB,XBG,3280.254999999999
BRB,YAW,369.118
BSC,CAS,512.3649999999999
BSC,CDS,347.73999999999995
BSC,CFA,1190.711
BSC,CGS,1257.0029999999997
BSC,CLN,1338.4589999999996
BSC,CNS,243.303
BSC,COM,201.81099999999998
BSC,CRW,1461.673
BSC,CSE,2013.107
BSC,CTC,3237.3469999999998
BSC,EGL,524.952
BSC,EIB,247.533
BSC,EIL,2013.107
BSC,EMA,660.3899999999999
BSC,EMB,513.301
BSC,ENG,367.813
BSC,EOP,1314.379
BSC,EPC,840.526
BSC,ERA,186.784
BSC,ERB,186.784
BSC,EVN,3129.635999999998
BSC,FAB,1151.3279999999997
BSC,FCB,985.622
BSC,FCC,957.1229999999999
BSC,FLR,972.3929999999999
BSC,FOB,464.07899999999995
BSC,FPH,1051.0359999999998
BSC,FRC,1483.1219999999998
BSC,GDP,615.569
BSC,GDS,3205.1589999999983
BSC,GMS,3129.635999999998
BSC,GRS,543.9189999999999
BSC,GSU,939.229
BSC,HAR,220.92100000000002
BSC,HAW,1205.78
BSC,HIS,443.376
BSC,HOU,3129.635999999998
BSC,IEC,1314.379
BSC,INS,3129.635999999998
BSC,IRB,229.74800000000002
BSC,IRC,229.74800000000002
BSC,JSC,247.533
BSC,KCB,334.225
BSC,KHC,473.25100000000003
BSC,LAW,809.6980000000001
BSC,LEV,501.56499999999994
BSC,LNG,383.52
BSC,LSE,77.633
BSC,MCH,689.0820000000001
BSC,MCS,325.35299999999995
BSC,MED,3279.4649999999992
BSC,MET,1779.8429999999998
BSC,MOR,114.807
BSC,MUG,809.6980000000001
BSC,OSW,180.389
BSC,PDP,1483.1219999999998
BSC,PHO,508.096
BSC,PLS,443.376
BSC,PRB,30.333000000000002
BSC,PSY,357.969
BSC,PTH,1596.4680000000003
BSC,REL,247.533
BSC,RKC,152.77499999999998
BSC,SAC,939.192
BSC,SAL,1051.387
BSC,SAR,275.528
BSC,SCI,118.196
BSC,SDM,3205.1589999999983
BSC,SHA,1495.1579999999994
BSC,SLB,77.633
BSC,SOC,357.969
BSC,SPH,3279.4649999999992
BSC,SSW,592.2270000000001
BSC,STH,787.9490000000001
BSC,STO,392.1149999999999
BSC,THA,1190.711
BSC,TTC,2212.175
BSC,WEA,254.769
BSC,WED,138.328
BSC,XBG,3277.641999999999
BSC,YAW,399.451
CAS,CDS,169.91200000000003
CAS,CFA,709.519
CAS,CGS,817.6310000000001
CAS,CLN,911.522
CAS,CNS,668.1880000000001
CAS,COM,327.028
CAS,CRW,973.816
CAS,CSE,1531.9150000000002
CAS,CTC,3614.2349999999997
CAS,EGL,309.51
CAS,EIB,509.17599999999993
CAS,EIL,1531.9150000000002
CAS,EMA,216.429
CAS,EMB,193.06900000000002
CAS,ENG,164.197
CAS,EOP,887.442
CAS,EPC,424.44900000000007
CAS,ERA,337.621
CAS,ERB,337.621
CAS,EVN,3506.5239999999994
CAS,FAB,1264.79
CAS,FCB,1099.084
CAS,FCC,1070.585
CAS,FLR,553.55
CAS,FOB,141.98199999999997
CAS,FPH,1164.498
CAS,FRC,1001.9300000000001
CAS,GDP,912.411
CAS,GDS,3582.0469999999996
CAS,GMS,3506.5239999999994
CAS,GRS,47.681999999999995
CAS,GSU,505.81
CAS,HAR,494.1480000000001
CAS,HAW,1175.5720000000001
CAS,HIS,227.934
CAS,HOU,3506.5239999999994
CAS,IEC,887.442
CAS,INS,3506.5239999999994
CAS,IRB,481.01800000000003
CAS,IRC,481.01800000000003
CAS,JSC,509.17599999999993
CAS,KCB,607.4520000000001
CAS,KHC,734.8939999999999
CAS,LAW,316.11
CAS,LEV,286.123
CAS,LNG,148.49
CAS,LSE,434.76800000000003
CAS,MCH,470.78499999999997
CAS,MCS,187.012
CAS,MED,3656.3529999999996
CAS,MET,1352.843
CAS,MOR,441.027
CAS,MUG,316.11
CAS,OSW,453.314
CAS,PDP,1001.9300000000001
CAS,PHO,192.837
CAS,PLS,227.934
CAS,PRB,506.35699999999997
CAS,PSY,715.104
CAS,PTH,1117.341
CAS,REL,509.17599999999993
CAS,RKC,359.59
CAS,SAC,451.335
CAS,SAL,563.53
CAS,SAR,261.96900000000005
CAS,SCI,523.009
CAS,SDM,3582.0469999999996
CAS,SHA,1068.221
CAS,SLB,434.76800000000003
CAS,SOC,715.104
CAS,SPH,3656.3529999999996
CAS,SSW,376.78499999999997
CAS,STH,294.361
CAS,STO,142.614
CAS,THA,709.519
CAS,TTC,1730.9830000000004
CAS,WEA,384.00200000000007
CAS,WED,399.16900000000004
CAS,XBG,3654.53
CAS,YAW,672.6780000000001
CDS,CFA,863.3029999999999
CDS,CGS,971.4150000000001
CDS,CLN,1065.3059999999996
CDS,CNS,498.27600000000007
CDS,COM,162.403
CDS,CRW,1127.6
CDS,CSE,1685.699
CDS,CTC,3444.3229999999994
CDS,EGL,180.099
CDS,EIB,349.09799999999996
CDS,EIL,1685.699
CDS,EMA,370.213
CDS,EMB,343.542
CDS,ENG,230.65900000000005
CDS,EOP,1041.2259999999999
CDS,EPC,578.233
CDS,ERA,172.996
CDS,ERB,172.996
CDS,EVN,3336.6119999999987
CDS,FAB,1410.2900000000002
CDS,FCB,1244.5840000000003
CDS,FCC,1216.085
CDS,FLR,707.3340000000001
CDS,FOB,203.76300000000003
CDS,FPH,1309.9980000000003
CDS,FRC,1155.7139999999997
CDS,GDP,752.333
CDS,GDS,3412.134999999999
CDS,GMS,3336.6119999999987
CDS,GRS,201.466
CDS,GSU,594.376
CDS,HAR,324.23600000000005
CDS,HAW,1324.6310000000003
CDS,HIS,98.52300000000001
CDS,HOU,3336.6119999999987
CDS,IEC,1041.2259999999999
CDS,INS,3336.6119999999987
CDS,IRB,320.677
CDS,IRC,320.677
CDS,JSC,349.09799999999996
CDS,KCB,437.5400000000001
CDS,KHC,574.8159999999999
CDS,LAW,469.894
CDS,LEV,156.712
CDS,LNG,214.95200000000006
CDS,LSE,270.14300000000003
CDS,MCH,344.229
CDS,MCS,65.037
CDS,MED,3486.440999999999
CDS,MET,1506.627
CDS,MOR,276.402
CDS,MUG,469.894
CDS,OSW,283.40200000000004
CDS,PDP,1155.7139999999997
CDS,PHO,338.337
CDS,PLS,98.52300000000001
CDS,PRB,337.23099999999994
CDS,PSY,550.479
CDS,PTH,1271.1249999999998
CDS,REL,349.09799999999996
CDS,RKC,194.965
CDS,SAC,605.1189999999999
CDS,SAL,717.3139999999999
CDS,SAR,92.057
CDS,SCI,353.8829999999999
CDS,SDM,3412.134999999999
CDS,SHA,1222.0049999999994
CDS,SLB,270.14300000000003
CDS,SOC,550.479
CDS,SPH,3486.440999999999
CDS,SSW,247.374
CDS,STH,448.145
CDS,STO,47.896
CDS,THA,863.3029999999999
CDS,TTC,1884.7670000000005
CDS,WEA,220.555
CDS,WED,229.257
CDS,XBG,3484.6179999999995
CDS,YAW,502.7660000000001
CFA,CGS,122.191
CFA,CLN,216.08200000000002
CFA,CNS,1348.21
CFA,COM,1005.591
CFA,CRW,771.991
CFA,CSE,822.3960000000002
CFA,CTC,4299.079999999998
CFA,EGL,871.853
CFA,EIB,1193.3280000000002
CFA,EIL,822.3960000000002
CFA,EMA,696.124
CFA,EMB,678.6909999999999
CFA,ENG,822.8979999999999
CFA,EOP,192.002
CFA,EPC,545.417
CFA,ERA,1003.9269999999999
CFA,ERB,1003.9269999999999
CFA,EVN,4191.368999999998
CFA,FAB,1683.3070000000002
CFA,FCB,1517.6010000000003
CFA,FCC,1489.1020000000003
CFA,FLR,309.00699999999995
CFA,FOB,808.482
CFA,FPH,1583.0150000000003
CFA,FRC,292.411
CFA,GDP,1596.563
CFA,GDS,4266.891999999998
CFA,GMS,4191.368999999998
CFA,GRS,679.3989999999999
CFA,GSU,500.96599999999995
CFA,HAR,1187.5389999999995
CFA,HAW,1303.4419999999998
CFA,HIS,913.4770000000001
CFA,HOU,4191.368999999998
CFA,IEC,192.002
CFA,INS,4191.368999999998
CFA,IRB,1170.789
CFA,IRC,1170.789
CFA,JSC,1193.3280000000002
CFA,KCB,1300.8429999999996
CFA,KHC,1419.046
CFA,LAW,555.317
CFA,LEV,863.3220000000001
CFA,LNG,807.1909999999999
CFA,LSE,1113.1139999999998
CFA,MCH,709.992
CFA,MCS,865.575
CFA,MED,4341.197999999999
CFA,MET,656.0989999999999
CFA,MOR,1119.59
CFA,MUG,555.317
CFA,OSW,1146.7049999999997
CFA,PDP,292.411
CFA,PHO,683.749
CFA,PLS,913.4770000000001
CFA,PRB,1184.92
CFA,PSY,1393.4499999999998
CFA,PTH,407.8220000000001
CFA,REL,1193.3280000000002
CFA,RKC,1038.153
CFA,SAC,433.108
CFA,SAL,363.70300000000003
CFA,SAR,955.3599999999998
CFA,SCI,1201.5720000000001
CFA,SDM,4266.891999999998
CFA,SHA,372.78100000000006
CFA,SLB,1113.1139999999998
CFA,SOC,1393.4499999999998
CFA,SPH,4341.197999999999
CFA,SSW,791.412
CFA,STH,533.568
CFA,STO,836.0049999999999
CFA,THA,0.0
CFA,TTC,1021.464
CFA,WEA,1077.3929999999998
CFA,WED,1092.5599999999997
CFA,XBG,4339.374999999996
CFA,YAW,1366.0689999999997
CGS,CLN,96.90399999999998
CGS,CNS,1414.5020000000002
CGS,COM,1071.8830000000003
CGS,CRW,891.8120000000001
CGS,CSE,765.0370000000001
CGS,CTC,4365.371999999997
CGS,EGL,984.524
CGS,EIB,1305.999
CGS,EIL,765.0370000000001
CGS,EMA,762.4159999999999
CGS,EMB,744.983
CGS,ENG,889.1899999999999
CGS,EOP,72.824
CGS,EPC,611.709
CGS,ERA,1070.219
CGS,ERB,1070.219
CGS,EVN,4257.660999999997
CGS,FAB,1739.058
CGS,FCB,1573.352
CGS,FCC,1544.853
CGS,FLR,364.7579999999999
CGS,FOB,874.774
CGS,FPH,1638.766
CGS,FRC,238.942
CGS,GDP,1709.234
CGS,GDS,4333.1839999999975
CGS,GMS,4257.660999999997
CGS,GRS,787.5109999999999
CGS,GSU,615.4409999999999
CGS,HAR,1295.6509999999998
CGS,HAW,1359.193
CGS,HIS,1026.1480000000001
CGS,HOU,4257.660999999997
CGS,IEC,72.824
CGS,INS,4257.660999999997
CGS,IRB,1282.5209999999997
CGS,IRC,1282.5209999999997
CGS,JSC,1305.999
CGS,KCB,1408.955
CGS,KHC,1531.7169999999999
CGS,LAW,667.988
CGS,LEV,975.9930000000002
CGS,LNG,873.483
CGS,LSE,1179.406
CGS,MCH,822.663
CGS,MCS,931.8670000000001
CGS,MED,4407.489999999999
CGS,MET,535.2120000000001
CGS,MOR,1185.882
CGS,MUG,667.988
CGS,OSW,1254.817
CGS,PDP,238.942
CGS,PHO,750.0409999999999
CGS,PLS,1026.1480000000001
CGS,PRB,1251.2120000000002
CGS,PSY,1459.742
CGS,PTH,348.077
CGS,REL,1305.999
CGS,RKC,1104.4450000000002
CGS,SAC,547.5829999999999
CGS,SAL,483.52400000000006
CGS,SAR,1063.472
CGS,SCI,1267.8640000000003
CGS,SDM,4333.1839999999975
CGS,SHA,253.322
CGS,SLB,1179.406
CGS,SOC,1459.742
CGS,SPH,4407.489999999999
CGS,SSW,904.0830000000001
CGS,STH,646.239
CGS,STO,944.1169999999998
CGS,THA,122.19099999999999
CGS,TTC,964.1050000000001
CGS,WEA,1185.5049999999999
CGS,WED,1200.672
CGS,XBG,4405.666999999997
CGS,YAW,1474.181
CLN,CNS,1496.959
CLN,COM,1154.3400000000001
CLN,CRW,985.703
CLN,CSE,690.1030000000001
CLN,CTC,4455.5719999999965
CLN,EGL,1078.4150000000002
CLN,EIB,1399.89
CLN,EIL,690.1030000000001
CLN,EMA,856.307
CLN,EMB,826.4389999999999
CLN,ENG,970.6459999999998
CLN,EOP,24.080000000000005
CLN,EPC,693.1649999999998
CLN,ERA,1151.6749999999997
CLN,ERB,1151.6749999999997
CLN,EVN,4347.860999999998
CLN,FAB,1813.246
CLN,FCB,1647.5400000000002
CLN,FCC,1619.0410000000002
CLN,FLR,438.9459999999999
CLN,FOB,956.2299999999999
CLN,FPH,1712.9540000000002
CLN,FRC,173.32999999999998
CLN,GDP,1803.125
CLN,GDS,4423.383999999997
CLN,GMS,4347.860999999998
CLN,GRS,881.4019999999999
CLN,GSU,709.3320000000001
CLN,HAR,1389.542
CLN,HAW,1433.3809999999999
CLN,HIS,1120.0390000000002
CLN,HOU,4347.860999999998
CLN,IEC,24.080000000000005
CLN,INS,4347.860999999998
CLN,IRB,1376.4119999999998
CLN,IRC,1376.4119999999998
CLN,JSC,1399.89
CLN,KCB,1502.846
CLN,KHC,1625.608
CLN,LAW,761.8790000000001
CLN,LEV,1069.8840000000002
CLN,LNG,954.9389999999999
CLN,LSE,1260.8619999999996
CLN,MCH,916.5540000000001
CLN,MCS,1014.324
CLN,MED,4497.689999999999
CLN,MET,441.384
CLN,MOR,1268.339
CLN,MUG,761.8790000000001
CLN,OSW,1348.708
CLN,PDP,173.32999999999998
CLN,PHO,831.4969999999998
CLN,PLS,1120.0390000000002
CLN,PRB,1333.669
CLN,PSY,1541.1979999999996
CLN,PTH,273.14300000000003
CLN,REL,1399.89
CLN,RKC,1186.902
CLN,SAC,641.474
CLN,SAL,577.415
CLN,SAR,1157.363
CLN,SCI,1350.3210000000001
CLN,SDM,4423.383999999997
CLN,SHA,156.699
CLN,SLB,1260.8619999999996
CLN,SOC,1541.1979999999996
CLN,SPH,4497.689999999999
CLN,SSW,997.9740000000002
CLN,STH,740.1300000000001
CLN,STO,1038.008
CLN,THA,216.08199999999997
CLN,TTC,889.1709999999999
CLN,WEA,1279.3960000000002
CLN,WED,1294.563
CLN,XBG,4495.866999999997
CLN,YAW,1568.0720000000001
CNS,COM,403.43999999999994
CNS,CRW,1619.172
CNS,CSE,2170.6059999999993
CNS,CTC,2994.1850000000004
CNS,EGL,678.3750000000001
CNS,EIB,351.501
CNS,EIL,2170.6059999999993
CNS,EMA,817.6719999999998
CNS,EMB,756.604
CNS,ENG,611.116
CNS,EOP,1472.8790000000001
CNS,EPC,999.026
CNS,ERA,430.087
CNS,ERB,430.087
CNS,EVN,2886.4739999999983
CNS,FAB,1249.239
CNS,FCB,1083.982
CNS,FCC,1073.817
CNS,FLR,1130.893
CNS,FOB,621.361
CNS,FPH,1161.289
CNS,FRC,1640.6209999999996
CNS,GDP,377.5110000000001
CNS,GDS,2961.9969999999985
CNS,GMS,2886.4739999999983
CNS,GRS,699.7420000000001
CNS,GSU,1092.652
CNS,HAR,252.367
CNS,HAW,1322.4740000000002
CNS,HIS,596.7990000000001
CNS,HOU,2886.4739999999983
CNS,IEC,1472.8790000000001
CNS,INS,2886.4739999999983
CNS,IRB,351.529
CNS,IRC,351.529
CNS,JSC,351.501
CNS,KCB,193.712
CNS,KHC,270.89099999999996
CNS,LAW,966.7130000000002
CNS,LEV,654.9880000000002
CNS,LNG,626.823
CNS,LSE,320.936
CNS,MCH,842.5050000000002
CNS,MCS,482.63499999999993
CNS,MED,3036.302999999999
CNS,MET,1938.3429999999998
CNS,MOR,247.76399999999998
CNS,MUG,966.7130000000002
CNS,OSW,283.73600000000005
CNS,PDP,1640.6209999999996
CNS,PHO,751.399
CNS,PLS,596.7990000000001
CNS,PRB,273.63599999999997
CNS,PSY,601.2719999999999
CNS,PTH,1753.967
CNS,REL,351.501
CNS,RKC,354.40399999999994
CNS,SAC,1096.691
CNS,SAL,1208.886
CNS,SAR,406.21900000000005
CNS,SCI,223.82700000000003
CNS,SDM,2961.9969999999985
CNS,SHA,1653.6579999999997
CNS,SLB,320.936
CNS,SOC,601.2719999999999
CNS,SPH,3036.302999999999
CNS,SSW,745.6500000000002
CNS,STH,944.9640000000002
CNS,STO,546.1720000000001
CNS,THA,1348.2099999999998
CNS,TTC,2369.6739999999995
CNS,WEA,376.55
CNS,WED,269.01900000000006
CNS,XBG,3034.479999999999
CNS,YAW,207.6
COM,CRW,1276.553
COM,CSE,1827.987
COM,CTC,3362.053
COM,EGL,339.615
COM,EIB,336.198
COM,EIL,1827.987
COM,EMA,475.053
COM,EMB,419.38000000000005
COM,ENG,305.63800000000003
COM,EOP,1130.26
COM,EPC,656.407
COM,ERA,136.639
COM,ERB,136.639
COM,EVN,3254.3419999999987
COM,FAB,1353.1390000000004
COM,FCB,1187.4330000000004
COM,FCC,1158.9340000000002
COM,FLR,788.274
COM,FOB,278.742
COM,FPH,1252.8470000000004
COM,FRC,1298.002
COM,GDP,739.433
COM,GDS,3329.864999999999
COM,GMS,3254.3419999999987
COM,GRS,358.582
COM,GSU,753.8919999999999
COM,HAR,309.58599999999996
COM,HAW,1400.4690000000003
COM,HIS,258.03900000000004
COM,HOU,3254.3419999999987
COM,IEC,1130.26
COM,INS,3254.3419999999987
COM,IRB,308.25699999999995
COM,IRC,308.25699999999995
COM,JSC,336.198
COM,KCB,422.89
COM,KHC,561.9159999999999
COM,LAW,624.361
COM,LEV,316.228
COM,LNG,289.93100000000004
COM,LSE,124.214
COM,MCH,503.745
COM,MCS,140.016
COM,MED,3404.1709999999994
COM,MET,1595.7239999999997
COM,MOR,174.82
COM,MUG,624.361
COM,OSW,269.054
COM,PDP,1298.002
COM,PHO,414.17500000000007
COM,PLS,258.03900000000004
COM,PRB,207.66699999999997
COM,PSY,404.55
COM,PTH,1411.3480000000002
COM,REL,336.198
COM,RKC,49.036
COM,SAC,754.072
COM,SAL,866.2669999999999
COM,SAR,254.46000000000004
COM,SCI,256.80199999999996
COM,SDM,3329.864999999999
COM,SHA,1311.0389999999995
COM,SLB,124.214
COM,SOC,404.55
COM,SPH,3404.1709999999994
COM,SSW,406.89
COM,STH,602.612
COM,STO,206.77800000000002
COM,THA,1005.5910000000001
COM,TTC,2027.0550000000005
COM,WEA,333.27799999999996
COM,WED,216.837
COM,XBG,3402.3479999999995
COM,YAW,488.116
CRW,CSE,1594.3870000000002
CRW,CTC,4543.151999999998
CRW,EGL,1136.15
CRW,EIB,1457.625
CRW,EIL,1594.3870000000002
CRW,EMA,967.086
CRW,EMB,949.653
CRW,ENG,1093.8600000000001
CRW,EOP,961.6229999999999
CRW,EPC,816.379
CRW,ERA,1274.8890000000001
CRW,ERB,1274.8890000000001
CRW,EVN,4435.440999999998
CRW,FAB,1972.0620000000006
CRW,FCB,1806.3560000000007
CRW,FCC,1777.8570000000004
CRW,FLR,629.4259999999999
CRW,FOB,1079.444
CRW,FPH,1871.7700000000007
CRW,FRC,1064.402
CRW,GDP,1860.86
CRW,GDS,4510.963999999997
CRW,GMS,4435.440999999998
CRW,GRS,943.696
CRW,GSU,765.263
CRW,HAR,1451.836
CRW,HAW,1599.939
CRW,HIS,1177.7740000000001
CRW,HOU,4435.440999999998
CRW,IEC,961.6229999999999
CRW,INS,4435.440999999998
CRW,IRB,1435.086
CRW,IRC,1435.086
CRW,JSC,1457.625
CRW,KCB,1565.14
CRW,KHC,1683.3429999999998
CRW,LAW,819.6140000000001
CRW,LEV,1127.6190000000001
CRW,LNG,1078.153
CRW,LSE,1384.076
CRW,MCH,974.2890000000001
CRW,MCS,1136.537
CRW,MED,4585.2699999999995
CRW,MET,1427.024
CRW,MOR,1390.5520000000001
CRW,MUG,819.6140000000001
CRW,OSW,1411.0020000000002
CRW,PDP,1064.402
CRW,PHO,954.711
CRW,PLS,1177.7740000000001
CRW,PRB,1455.8820000000003
CRW,PSY,1664.412
CRW,PTH,1179.8129999999999
CRW,REL,1457.625
CRW,RKC,1309.1150000000002
CRW,SAC,697.405
CRW,SAL,447.944
CRW,SAR,1219.6570000000002
CRW,SCI,1472.5340000000003
CRW,SDM,4510.963999999997
CRW,SHA,1142.4019999999998
CRW,SLB,1384.076
CRW,SOC,1664.412
CRW,SPH,4585.2699999999995
CRW,SSW,1055.709
CRW,STH,797.8650000000001
CRW,STO,1100.3020000000001
CRW,THA,771.991
CRW,TTC,1793.4550000000006
CRW,WEA,1341.69
CRW,WED,1356.8570000000002
CRW,XBG,4583.4469999999965
CRW,YAW,1630.3660000000002
CSE,CTC,5121.476000000001
CSE,EGL,1694.2489999999998
CSE,EIB,2015.7239999999997
CSE,EIL,0.0
CSE,EMA,1518.5199999999998
CSE,EMB,1501.087
CSE,ENG,1645.2939999999999
CSE,EOP,714.1829999999999
CSE,EPC,1367.8129999999999
CSE,ERA,1826.3229999999999
CSE,ERB,1826.3229999999999
CSE,EVN,5013.764999999999
CSE,FAB,2502.669
CSE,FCB,2337.643
CSE,FCC,2309.1440000000002
CSE,FLR,1129.0489999999998
CSE,FOB,1630.8779999999997
CSE,FPH,2403.057
CSE,FRC,720.7249999999999
CSE,GDP,2418.959
CSE,GDS,5089.287999999999
CSE,GMS,5013.764999999999
CSE,GRS,1501.7949999999996
CSE,GSU,1323.3619999999996
CSE,HAR,2009.9349999999995
CSE,HAW,2123.484
CSE,HIS,1735.8729999999998
CSE,HOU,5013.764999999999
CSE,IEC,714.1829999999999
CSE,INS,5013.764999999999
CSE,IRB,1993.1849999999997
CSE,IRC,1993.1849999999997
CSE,JSC,2015.7239999999997
CSE,KCB,2123.2389999999996
CSE,KHC,2241.4419999999996
CSE,LAW,1377.7129999999997
CSE,LEV,1685.7179999999998
CSE,LNG,1629.5869999999998
CSE,LSE,1935.5099999999998
CSE,MCH,1532.3879999999997
CSE,MCS,1687.9709999999998
CSE,MED,5163.594
CSE,MET,256.995
CSE,MOR,1941.9859999999999
CSE,MUG,1377.7129999999997
CSE,OSW,1969.1009999999997
CSE,PDP,720.7249999999999
CSE,PHO,1506.1449999999998
CSE,PLS,1735.8729999999998
CSE,PRB,2007.316
CSE,PSY,2215.8459999999995
CSE,PTH,419.023
CSE,REL,2015.7239999999997
CSE,RKC,1860.549
CSE,SAC,1255.504
CSE,SAL,1186.099
CSE,SAR,1777.7559999999996
CSE,SCI,2023.968
CSE,SDM,5089.287999999999
CSE,SHA,628.6239999999999
CSE,SLB,1935.5099999999998
CSE,SOC,2215.8459999999995
CSE,SPH,5163.594
CSE,SSW,1613.8079999999998
CSE,STH,1355.9639999999997
CSE,STO,1658.4009999999996
CSE,THA,822.396
CSE,TTC,235.638
CSE,WEA,1899.7889999999998
CSE,WED,1914.9559999999997
CSE,XBG,5161.770999999998
CSE,YAW,2188.4649999999997
CTC,EGL,3595.0349999999994
CTC,EIB,3244.8679999999995
CTC,EIL,5121.4760000000015
CTC,EMA,3768.542000000001
CTC,EMB,3720.6119999999983
CTC,ENG,3605.1599999999994
CTC,EOP,4431.491999999998
CTC,EPC,3957.638999999998
CTC,ERA,3424.1309999999994
CTC,ERB,3424.1309999999994
CTC,EVN,551.4459999999999
CTC,FAB,3335.6169999999993
CTC,FCB,3171.3279999999995
CTC,FCC,3267.6229999999996
CTC,FLR,4089.505999999998
CTC,FOB,3579.9739999999983
CTC,FPH,3248.6349999999993
CTC,FRC,4591.491000000002
CTC,GDP,2830.3729999999996
CTC,GDS,474.09299999999996
CTC,GMS,551.4459999999999
CTC,GRS,3645.7889999999993
CTC,GSU,4004.6089999999995
CTC,HAR,3124.7069999999994
CTC,HAW,4044.682
CTC,HIS,3519.077999999999
CTC,HOU,551.4459999999999
CTC,IEC,4431.491999999998
CTC,INS,551.4459999999999
CTC,IRB,3262.5409999999997
CTC,IRC,3262.5409999999997
CTC,JSC,3244.8679999999995
CTC,KCB,3006.7829999999994
CTC,KHC,3020.0249999999996
CTC,LAW,3912.8019999999997
CTC,LEV,3563.6139999999996
CTC,LNG,3591.162999999998
CTC,LSE,3314.979999999999
CTC,MCH,3759.1649999999995
CTC,MCS,3441.2479999999982
CTC,MED,331.687
CTC,MET,4896.955999999998
CTC,MOR,3206.3769999999995
CTC,MUG,3912.8019999999997
CTC,OSW,3229.7829999999994
CTC,PDP,4591.491000000002
CTC,PHO,3715.4069999999983
CTC,PLS,3519.077999999999
CTC,PRB,3239.9599999999996
CTC,PSY,3595.315999999999
CTC,PTH,4704.837000000002
CTC,REL,3244.8679999999995
CTC,RKC,3313.0169999999994
CTC,SAC,4047.561000000001
CTC,SAL,4159.756000000001
CTC,SAR,3352.265999999999
CTC,SCI,3182.4399999999996
CTC,SDM,474.09299999999996
CTC,SHA,4612.270999999999
CTC,SLB,3314.979999999999
CTC,SOC,3595.315999999999
CTC,SPH,331.687
CTC,SSW,3662.3099999999995
CTC,STH,3891.053
CTC,STO,3492.2189999999996
CTC,THA,4299.080000000002
CTC,TTC,5320.544000000001
CTC,WEA,3308.152
CTC,WED,3215.0659999999993
CTC,XBG,406.371
CTC,YAW,3012.1409999999996
EGL,EIB,361.42699999999996
EGL,EIL,1694.2489999999998
EGL,EMA,509.811
EGL,EMB,483.63399999999996
EGL,ENG,371.254
EGL,EOP,1054.3349999999998
EGL,EPC,685.1549999999999
EGL,ERA,350.208
EGL,ERB,350.208
EGL,EVN,3487.3239999999987
EGL,FAB,1550.382
EGL,FCB,1384.6760000000002
EGL,FCC,1356.1770000000001
EGL,FLR,720.443
EGL,FOB,346.144
EGL,FPH,1450.0900000000001
EGL,FRC,1164.2639999999997
EGL,GDP,764.6619999999999
EGL,GDS,3562.846999999999
EGL,GMS,3487.3239999999987
EGL,GRS,341.064
EGL,GSU,454.22900000000004
EGL,HAR,504.3350000000001
EGL,HAW,1464.7230000000002
EGL,HIS,81.57600000000001
EGL,HOU,3487.3239999999987
EGL,IEC,1054.3349999999998
EGL,INS,3487.3239999999987
EGL,IRB,338.88800000000003
EGL,IRC,338.88800000000003
EGL,JSC,361.42699999999996
EGL,KCB,617.6390000000001
EGL,KHC,587.1449999999999
EGL,LAW,360.034
EGL,LEV,31.421
EGL,LNG,355.547
EGL,LSE,447.3550000000001
EGL,MCH,202.35999999999999
EGL,MCS,207.418
EGL,MED,3637.1529999999993
EGL,MET,1519.7359999999999
EGL,MOR,453.61400000000003
EGL,MUG,360.034
EGL,OSW,410.796
EGL,PDP,1164.2639999999997
EGL,PHO,478.429
EGL,PLS,81.57600000000001
EGL,PRB,517.0509999999999
EGL,PSY,727.691
EGL,PTH,1279.6749999999995
EGL,REL,361.42699999999996
EGL,RKC,372.177
EGL,SAC,613.669
EGL,SAL,725.8639999999999
EGL,SAR,272.15600000000006
EGL,SCI,533.703
EGL,SDM,3562.846999999999
EGL,SHA,1235.1139999999994
EGL,SLB,447.3550000000001
EGL,SOC,727.691
EGL,SPH,3637.1529999999993
EGL,SSW,107.227
EGL,STH,338.28499999999997
EGL,STO,187.494
EGL,THA,871.8529999999998
EGL,TTC,1893.3170000000002
EGL,WEA,302.512
EGL,WED,409.35600000000005
EGL,XBG,3635.3299999999995
EGL,YAW,598.523
EIB,EIL,2015.724
EIB,EMA,709.4770000000001
EIB,EMB,683.2999999999998
EIB,ENG,570.92
EIB,EOP,1375.8099999999997
EIB,EPC,917.497
EIB,ERA,411.371
EIB,ERB,411.371
EIB,EVN,3137.156999999999
EIB,FAB,1385.2190000000003
EIB,FCB,1219.5130000000004
EIB,FCC,1191.0140000000001
EIB,FLR,1041.9180000000001
EIB,FOB,545.81
EIB,FPH,1284.9270000000004
EIB,FRC,1485.7389999999998
EIB,GDP,414.495
EIB,GDS,3212.679999999999
EIB,GMS,3137.156999999999
EIB,GRS,540.73
EIB,GSU,771.001
EIB,HAR,177.461
EIB,HAW,1439.6710000000003
EIB,HIS,285.46999999999997
EIB,HOU,3137.156999999999
EIB,IEC,1375.8099999999997
EIB,INS,3137.156999999999
EIB,IRB,28.933
EIB,IRC,28.933
EIB,JSC,0.0
EIB,KCB,290.765
EIB,KHC,225.71800000000002
EIB,LAW,681.509
EIB,LEV,330.006
EIB,LNG,555.213
EIB,LSE,323.8670000000001
EIB,MCH,525.557
EIB,MCS,407.08399999999995
EIB,MED,3286.9859999999994
EIB,MET,1841.2109999999998
EIB,MOR,180.522
EIB,MUG,681.509
EIB,OSW,82.473
EIB,PDP,1485.7389999999998
EIB,PHO,678.0949999999998
EIB,PLS,285.46999999999997
EIB,PRB,217.20000000000005
EIB,PSY,604.2030000000001
EIB,PTH,1601.1499999999996
EIB,REL,0.0
EIB,RKC,287.162
EIB,SAC,935.1440000000001
EIB,SAL,1047.339
EIB,SAR,257.111
EIB,SCI,212.625
EIB,SDM,3212.679999999999
EIB,SHA,1556.5889999999993
EIB,SLB,323.8670000000001
EIB,SOC,604.2030000000001
EIB,SPH,3286.9859999999994
EIB,SSW,428.702
EIB,STH,659.76
EIB,STO,387.15999999999997
EIB,THA,1193.328
EIB,TTC,2214.792
EIB,WEA,134.46499999999997
EIB,WED,119.91099999999999
EIB,XBG,3285.1629999999996
EIB,YAW,270.2
EIL,EMA,1518.5199999999998
EIL,EMB,1501.087
EIL,ENG,1645.2939999999999
EIL,EOP,714.1829999999999
EIL,EPC,1367.8129999999999
EIL,ERA,1826.3229999999999
EIL,ERB,1826.3229999999999
EIL,EVN,5013.764999999999
EIL,FAB,2502.669
EIL,FCB,2337.643
EIL,FCC,2309.1440000000002
EIL,FLR,1129.0489999999998
EIL,FOB,1630.8779999999997
EIL,FPH,2403.057
EIL,FRC,720.7249999999999
EIL,GDP,2418.959
EIL,GDS,5089.287999999999
EIL,GMS,5013.764999999999
EIL,GRS,1501.7949999999996
EIL,GSU,1323.3619999999996
EIL,HAR,2009.9349999999995
EIL,HAW,2123.484
EIL,HIS,1735.8729999999998
EIL,HOU,5013.764999999999
EIL,IEC,714.1829999999999
EIL,INS,5013.764999999999
EIL,IRB,1993.1849999999997
EIL,IRC,1993.1849999999997
EIL,JSC,2015.7239999999997
EIL,KCB,2123.2389999999996
EIL,KHC,2241.4419999999996
EIL,LAW,1377.7129999999997
EIL,LEV,1685.7179999999998
EIL,LNG,1629.5869999999998
EIL,LSE,1935.5099999999998
EIL,MCH,1532.3879999999997
EIL,MCS,1687.9709999999998
EIL,MED,5163.594
EIL,MET,256.995
EIL,MOR,1941.9859999999999
EIL,MUG,1377.7129999999997
EIL,OSW,1969.1009999999997
EIL,PDP,720.7249999999999
EIL,PHO,1506.1449999999998
EIL,PLS,1735.8729999999998
EIL,PRB,2007.316
EIL,PSY,2215.8459999999995
EIL,PTH,419.023
EIL,REL,2015.7239999999997
EIL,RKC,1860.549
EIL,SAC,1255.504
EIL,SAL,1186.099
EIL,SAR,1777.7559999999996
EIL,SCI,2023.968
EIL,SDM,5089.287999999999
EIL,SHA,628.6239999999999
EIL,SLB,1935.5099999999998
EIL,SOC,2215.8459999999995
EIL,SPH,5163.594
EIL,SSW,1613.8079999999998
EIL,STH,1355.9639999999997
EIL,STO,1658.4009999999996
EIL,THA,822.396
EIL,TTC,235.638
EIL,WEA,1899.7889999999998
EIL,WED,1914.9559999999997
EIL,XBG,5161.770999999998
EIL,YAW,2188.4649999999997
EMA,EMB,148.85000000000002
EMA,ENG,293.057
EMA,EOP,832.227
EMA,EPC,361.006
EMA,ERA,474.086
EMA,ERB,474.086
EMA,EVN,3660.8309999999983
EMA,FAB,1224.4560000000001
EMA,FCB,1058.7500000000002
EMA,FCC,1030.2510000000002
EMA,FLR,492.8729999999999
EMA,FOB,278.641
EMA,FPH,1124.1640000000002
EMA,FRC,988.5350000000001
EMA,GDP,1112.712
EMA,GDS,3736.3539999999985
EMA,GMS,3660.8309999999983
EMA,GRS,186.309
EMA,GSU,502.99399999999997
EMA,HAR,694.449
EMA,HAW,1124.295
EMA,HIS,428.235
EMA,HOU,3660.8309999999983
EMA,IEC,832.227
EMA,INS,3660.8309999999983
EMA,IRB,681.3190000000001
EMA,IRC,681.3190000000001
EMA,JSC,709.477
EMA,KCB,807.753
EMA,KHC,935.1949999999999
EMA,LAW,314.045
EMA,LEV,486.424
EMA,LNG,277.35
EMA,LSE,582.7929999999999
EMA,MCH,468.72
EMA,MCS,335.037
EMA,MED,3810.659999999999
EMA,MET,1297.628
EMA,MOR,589.0519999999999
EMA,MUG,314.045
EMA,OSW,653.615
EMA,PDP,988.5350000000001
EMA,PHO,153.90800000000002
EMA,PLS,428.235
EMA,PRB,654.382
EMA,PSY,863.1289999999999
EMA,PTH,1101.881
EMA,REL,709.477
EMA,RKC,507.61499999999995
EMA,SAC,444.60499999999996
EMA,SAL,556.8
EMA,SAR,462.2700000000001
EMA,SCI,671.034
EMA,SDM,3736.3539999999985
EMA,SHA,1013.006
EMA,SLB,582.7929999999999
EMA,SOC,863.1289999999999
EMA,SPH,3810.659999999999
EMA,SSW,550.1400000000001
EMA,STH,292.296
EMA,STO,342.915
EMA,THA,696.124
EMA,TTC,1717.5880000000004
EMA,WEA,584.3030000000001
EMA,WED,599.47
EMA,XBG,3808.836999999999
EMA,YAW,872.979
EMB,ENG,145.488
EMB,EOP,802.3589999999999
EMB,EPC,328.506
EMB,ERA,326.517
EMB,ERB,326.517
EMB,EVN,3612.900999999999
EMB,FAB,1075.606
EMB,FCB,909.9
EMB,FCC,881.401
EMB,FLR,460.3729999999999
EMB,FOB,221.27
EMB,FPH,975.314
EMB,FRC,971.1020000000001
EMB,GDP,1086.5349999999999
EMB,GDS,3688.423999999999
EMB,GMS,3612.900999999999
EMB,GRS,162.949
EMB,GSU,488.605
EMB,HAR,666.5239999999999
EMB,HAW,982.5029999999999
EMB,HIS,402.05799999999994
EMB,HOU,3612.900999999999
EMB,IEC,802.3589999999999
EMB,INS,3612.900999999999
EMB,IRB,655.1419999999999
EMB,IRC,655.1419999999999
EMB,JSC,683.3
EMB,KCB,779.828
EMB,KHC,909.0179999999999
EMB,LAW,306.77
EMB,LEV,460.2469999999999
EMB,LNG,129.781
EMB,LSE,435.704
EMB,MCH,461.44499999999994
EMB,MCS,279.36400000000003
EMB,MED,3762.7299999999996
EMB,MET,1267.823
EMB,MOR,533.379
EMB,MUG,306.77
EMB,OSW,625.992
EMB,PDP,971.1020000000001
EMB,PHO,5.205
EMB,PLS,402.05799999999994
EMB,PRB,534.3230000000001
EMB,PSY,716.04
EMB,PTH,1084.448
EMB,REL,683.3
EMB,RKC,451.942
EMB,SAC,427.17199999999997
EMB,SAL,539.367
EMB,SAR,435.599
EMB,SCI,615.3610000000001
EMB,SDM,3688.423999999999
EMB,SHA,983.138
EMB,SLB,435.704
EMB,SOC,716.04
EMB,SPH,3762.7299999999996
EMB,SSW,542.865
EMB,STH,285.02099999999996
EMB,STO,317.27500000000003
EMB,THA,678.691
EMB,TTC,1700.1550000000004
EMB,WEA,558.126
EMB,WED,572.394
EMB,XBG,3760.9069999999997
EMB,YAW,845.054
ENG,EOP,946.566
ENG,EPC,472.71299999999997
ENG,ERA,181.029
ENG,ERB,181.029
ENG,EVN,3497.448999999999
ENG,FAB,1212.236
ENG,FCB,1046.5300000000002
ENG,FCC,1018.0310000000001
ENG,FLR,604.5799999999999
ENG,FOB,107.528
ENG,FPH,1111.9440000000002
ENG,FRC,1115.309
ENG,GDP,974.155
ENG,GDS,3572.9719999999993
ENG,GMS,3497.448999999999
ENG,GRS,195.75099999999998
ENG,GSU,632.812
ENG,HAR,553.641
ENG,HAW,1126.577
ENG,HIS,289.67799999999994
ENG,HOU,3497.448999999999
ENG,IEC,946.566
ENG,INS,3497.448999999999
ENG,IRB,542.762
ENG,IRC,542.762
ENG,JSC,570.92
ENG,KCB,666.945
ENG,KHC,796.6379999999999
ENG,LAW,444.698
ENG,LEV,347.8669999999999
ENG,LNG,15.707
ENG,LSE,290.216
ENG,MCH,535.3839999999999
ENG,MCS,165.622
ENG,MED,3647.2779999999993
ENG,MET,1412.0300000000002
ENG,MOR,419.637
ENG,MUG,444.698
ENG,OSW,513.1089999999999
ENG,PDP,1115.309
ENG,PHO,140.283
ENG,PLS,289.67799999999994
ENG,PRB,388.83500000000004
ENG,PSY,570.552
ENG,PTH,1228.6550000000002
ENG,REL,570.92
ENG,RKC,338.2
ENG,SAC,571.3789999999999
ENG,SAL,683.574
ENG,SAR,322.716
ENG,SCI,476.6980000000001
ENG,SDM,3572.9719999999993
ENG,SHA,1127.345
ENG,SLB,290.216
ENG,SOC,570.552
ENG,SPH,3647.2779999999993
ENG,SSW,438.5289999999999
ENG,STH,422.94899999999996
ENG,STO,204.89499999999998
ENG,THA,822.8980000000001
ENG,TTC,1844.3620000000008
ENG,WEA,445.74600000000004
ENG,WED,459.51099999999997
ENG,XBG,3645.455
ENG,YAW,732.171
EOP,EPC,669.0849999999999
EOP,ERA,1127.5949999999998
EOP,ERB,1127.5949999999998
EOP,EVN,4323.780999999998
EOP,FAB,1789.1660000000002
EOP,FCB,1623.4600000000003
EOP,FCC,1594.9610000000002
EOP,FLR,414.866
EOP,FOB,932.15
EOP,FPH,1688.8740000000003
EOP,FRC,188.44899999999998
EOP,GDP,1779.045
EOP,GDS,4399.303999999997
EOP,GMS,4323.780999999998
EOP,GRS,857.322
EOP,GSU,685.2520000000001
EOP,HAR,1365.462
EOP,HAW,1409.301
EOP,HIS,1095.9590000000003
EOP,HOU,4323.780999999998
EOP,IEC,0.0
EOP,INS,4323.780999999998
EOP,IRB,1352.3319999999999
EOP,IRC,1352.3319999999999
EOP,JSC,1375.8100000000002
EOP,KCB,1478.766
EOP,KHC,1601.528
EOP,LAW,737.7990000000001
EOP,LEV,1045.8040000000003
EOP,LNG,930.8589999999999
EOP,LSE,1236.7819999999997
EOP,MCH,892.474
EOP,MCS,990.244
EOP,MED,4473.609999999999
EOP,MET,465.46400000000006
EOP,MOR,1244.259
EOP,MUG,737.7990000000001
EOP,OSW,1324.6280000000002
EOP,PDP,188.44899999999998
EOP,PHO,807.4169999999999
EOP,PLS,1095.9590000000003
EOP,PRB,1309.5890000000002
EOP,PSY,1517.1179999999997
EOP,PTH,297.223
EOP,REL,1375.8100000000002
EOP,RKC,1162.8220000000001
EOP,SAC,617.394
EOP,SAL,553.3349999999999
EOP,SAR,1133.2830000000001
EOP,SCI,1326.2410000000002
EOP,SDM,4399.303999999997
EOP,SHA,180.779
EOP,SLB,1236.7819999999997
EOP,SOC,1517.1179999999997
EOP,SPH,4473.609999999999
EOP,SSW,973.8940000000001
EOP,STH,716.0500000000001
EOP,STO,1013.928
EOP,THA,192.00199999999998
EOP,TTC,913.2510000000001
EOP,WEA,1255.3160000000003
EOP,WED,1270.4830000000002
EOP,XBG,4471.786999999997
EOP,YAW,1543.9920000000002
EPC,ERA,653.742
EPC,ERB,653.742
EPC,EVN,3849.9279999999976
EPC,FAB,1404.112
EPC,FCB,1238.4060000000002
EPC,FCC,1209.9070000000002
EPC,FLR,327.0989999999999
EPC,FOB,458.297
EPC,FPH,1303.8200000000002
EPC,FRC,837.8280000000001
EPC,GDP,1320.7319999999997
EPC,GDS,3925.4509999999977
EPC,GMS,3849.9279999999976
EPC,GRS,394.329
EPC,GSU,357.553
EPC,HAR,902.4689999999997
EPC,HAW,1063.65
EPC,HIS,636.2550000000001
EPC,HOU,3849.9279999999976
EPC,IEC,669.0849999999998
EPC,INS,3849.9279999999976
EPC,IRB,889.339
EPC,IRC,889.339
EPC,JSC,917.497
EPC,KCB,1015.7729999999998
EPC,KHC,1143.215
EPC,LAW,368.619
EPC,LEV,676.6240000000001
EPC,LNG,457.006
EPC,LSE,762.929
EPC,MCH,523.294
EPC,MCS,516.391
EPC,MED,3999.7569999999982
EPC,MET,1134.549
EPC,MOR,770.4060000000001
EPC,MUG,368.619
EPC,OSW,861.6349999999998
EPC,PDP,837.8280000000001
EPC,PHO,333.56399999999996
EPC,PLS,636.2550000000001
EPC,PRB,835.7360000000001
EPC,PSY,1043.2649999999999
EPC,PTH,951.1739999999999
EPC,REL,917.497
EPC,RKC,688.969
EPC,SAC,293.89799999999997
EPC,SAL,406.093
EPC,SAR,670.2899999999998
EPC,SCI,852.3880000000001
EPC,SDM,3925.4509999999977
EPC,SHA,849.8639999999999
EPC,SLB,762.929
EPC,SOC,1043.2649999999999
EPC,SPH,3999.7569999999982
EPC,SSW,604.714
EPC,STH,346.87
EPC,STO,550.935
EPC,THA,545.417
EPC,TTC,1566.881
EPC,WEA,792.3229999999999
EPC,WED,807.4899999999998
EPC,XBG,3997.9339999999984
EPC,YAW,1080.9989999999998
ERA,ERB,0.0
ERA,EVN,3316.4199999999987
ERA,FAB,1338.112
ERA,FCB,1172.4060000000002
ERA,FCC,1143.9070000000002
ERA,FLR,785.609
ERA,FOB,288.557
ERA,FPH,1237.8200000000002
ERA,FRC,1296.338
ERA,GDP,802.353
ERA,GDS,3391.942999999999
ERA,GMS,3316.4199999999987
ERA,GRS,369.17499999999995
ERA,GSU,764.4849999999999
ERA,HAR,384.75900000000007
ERA,HAW,1307.6060000000002
ERA,HIS,268.63199999999995
ERA,HOU,3316.4199999999987
ERA,IEC,1127.595
ERA,INS,3316.4199999999987
ERA,IRB,383.42999999999995
ERA,IRC,383.42999999999995
ERA,JSC,411.371
ERA,KCB,498.0630000000001
ERA,KHC,637.0889999999999
ERA,LAW,625.727
ERA,LEV,326.8209999999999
ERA,LNG,196.736
ERA,LSE,109.187
ERA,MCH,514.338
ERA,MCS,150.60899999999998
ERA,MED,3466.2489999999993
ERA,MET,1593.0589999999997
ERA,MOR,250.63799999999998
ERA,MUG,625.727
ERA,OSW,344.227
ERA,PDP,1296.338
ERA,PHO,321.312
ERA,PLS,268.63199999999995
ERA,PRB,207.80599999999998
ERA,PSY,389.523
ERA,PTH,1409.6840000000002
ERA,REL,411.371
ERA,RKC,169.201
ERA,SAC,752.4080000000001
ERA,SAL,864.6030000000001
ERA,SAR,265.053
ERA,SCI,295.669
ERA,SDM,3391.942999999999
ERA,SHA,1308.3739999999996
ERA,SLB,109.187
ERA,SOC,389.523
ERA,SPH,3466.2489999999993
ERA,SSW,417.48299999999995
ERA,STH,603.978
ERA,STO,217.371
ERA,THA,1003.9270000000001
ERA,TTC,2025.3910000000003
ERA,WEA,393.551
ERA,WED,292.01
ERA,XBG,3464.4259999999995
ERA,YAW,563.2890000000001
ERB,EVN,3316.4199999999987
ERB,FAB,1338.112
ERB,FCB,1172.4060000000002
ERB,FCC,1143.9070000000002
ERB,FLR,785.609
ERB,FOB,288.557
ERB,FPH,1237.8200000000002
ERB,FRC,1296.338
ERB,GDP,802.353
ERB,GDS,3391.942999999999
ERB,GMS,3316.4199999999987
ERB,GRS,369.17499999999995
ERB,GSU,764.4849999999999
ERB,HAR,384.75900000000007
ERB,HAW,1307.6060000000002
ERB,HIS,268.63199999999995
ERB,HOU,3316.4199999999987
ERB,IEC,1127.595
ERB,INS,3316.4199999999987
ERB,IRB,383.42999999999995
ERB,IRC,383.42999999999995
ERB,JSC,411.371
ERB,KCB,498.0630000000001
ERB,KHC,637.0889999999999
ERB,LAW,625.727
ERB,LEV,326.8209999999999
ERB,LNG,196.736
ERB,LSE,109.187
ERB,MCH,514.338
ERB,MCS,150.60899999999998
ERB,MED,3466.2489999999993
ERB,MET,1593.0589999999997
ERB,MOR,250.63799999999998
ERB,MUG,625.727
ERB,OSW,344.227
ERB,PDP,1296.338
ERB,PHO,321.312
ERB,PLS,268.63199999999995
ERB,PRB,207.80599999999998
ERB,PSY,389.523
ERB,PTH,1409.6840000000002
ERB,REL,411.371
ERB,RKC,169.201
ERB,SAC,752.4080000000001
ERB,SAL,864.6030000000001
ERB,SAR,265.053
ERB,SCI,295.669
ERB,SDM,3391.942999999999
ERB,SHA,1308.3739999999996
ERB,SLB,109.187
ERB,SOC,389.523
ERB,SPH,3466.2489999999993
ERB,SSW,417.48299999999995
ERB,STH,603.978
ERB,STO,217.371
ERB,THA,1003.9270000000001
ERB,TTC,2025.3910000000003
ERB,WEA,393.551
ERB,WED,292.01
ERB,XBG,3464.4259999999995
ERB,YAW,563.2890000000001
EVN,FAB,3499.7580000000007
EVN,FCB,3334.5010000000007
EVN,FCC,3430.7960000000007
EVN,FLR,3981.7949999999987
EVN,FOB,3472.262999999999
EVN,FPH,3411.8080000000004
EVN,FRC,4483.7800000000025
EVN,GDP,2722.6620000000003
EVN,GDS,264.305
EVN,GMS,0.0
EVN,GRS,3538.078
EVN,GSU,3896.898
EVN,HAR,3016.996
EVN,HAW,4084.924
EVN,HIS,3411.3669999999997
EVN,HOU,0.0
EVN,IEC,4323.780999999999
EVN,INS,0.0
EVN,IRB,3154.8300000000004
EVN,IRC,3154.8300000000004
EVN,JSC,3137.157
EVN,KCB,2899.072
EVN,KHC,2912.3140000000003
EVN,LAW,3805.0910000000003
EVN,LEV,3455.9030000000002
EVN,LNG,3483.451999999999
EVN,LSE,3207.269
EVN,MCH,3651.454
EVN,MCS,3333.536999999999
EVN,MED,228.05800000000002
EVN,MET,4789.244999999999
EVN,MOR,3098.666
EVN,MUG,3805.0910000000003
EVN,OSW,3122.072
EVN,PDP,4483.7800000000025
EVN,PHO,3607.695999999999
EVN,PLS,3411.3669999999997
EVN,PRB,3132.2490000000003
EVN,PSY,3487.6049999999996
EVN,PTH,4597.126000000003
EVN,REL,3137.157
EVN,RKC,3205.306
EVN,SAC,3939.8500000000017
EVN,SAL,4052.045000000002
EVN,SAR,3244.555
EVN,SCI,3074.7290000000003
EVN,SDM,264.305
EVN,SHA,4504.5599999999995
EVN,SLB,3207.269
EVN,SOC,3487.6049999999996
EVN,SPH,228.05800000000002
EVN,SSW,3554.599
EVN,STH,3783.3420000000006
EVN,STO,3384.5080000000003
EVN,THA,4191.369000000002
EVN,TTC,5212.833000000001
EVN,WEA,3200.4410000000007
EVN,WED,3107.355
EVN,XBG,336.288
EVN,YAW,2904.4300000000003
FAB,FCB,174.53200000000004
FAB,FCC,271.21500000000003
FAB,FLR,1414.0229999999995
FAB,FOB,1288.0179999999996
FAB,FPH,100.292
FAB,FRC,1975.7179999999994
FAB,GDP,1409.827
FAB,GDS,3656.129
FAB,GMS,3499.7580000000003
FAB,GRS,1234.6699999999998
FAB,GSU,1517.4389999999994
FAB,HAR,1351.1639999999998
FAB,HAW,966.5049999999998
FAB,HIS,1468.8059999999996
FAB,HOU,3499.7580000000003
FAB,IEC,1789.1659999999997
FAB,INS,3499.7580000000003
FAB,IRB,1372.2579999999998
FAB,IRC,1372.2579999999998
FAB,JSC,1385.2189999999996
FAB,KCB,1285.2940000000003
FAB,KHC,1316.6890000000003
FAB,LAW,1382.3759999999995
FAB,LEV,1526.9949999999994
FAB,LNG,1196.5289999999998
FAB,LSE,1228.961
FAB,MCH,1537.0509999999995
FAB,MCS,1346.1119999999994
FAB,MED,3555.535
FAB,MET,2246.5289999999995
FAB,MOR,1265.763
FAB,MUG,1382.3759999999995
FAB,OSW,1317.4539999999997
FAB,PDP,1975.7179999999994
FAB,PHO,1071.9529999999997
FAB,PLS,1468.8059999999996
FAB,PRB,1181.661
FAB,PSY,1509.297
FAB,PTH,2086.388999999999
FAB,REL,1385.2189999999996
FAB,RKC,1304.103
FAB,SAC,1449.5809999999997
FAB,SAL,1561.7759999999996
FAB,SAR,1426.4840000000002
FAB,SCI,1245.8379999999997
FAB,SDM,3656.129
FAB,SHA,1969.9449999999993
FAB,SLB,1228.961
FAB,SOC,1509.297
FAB,SPH,3555.535
FAB,SSW,1617.6569999999997
FAB,STH,1360.6269999999995
FAB,STO,1384.0229999999997
FAB,THA,1683.3069999999996
FAB,TTC,2700.7869999999994
FAB,WEA,1397.279
FAB,WED,1289.284
FAB,XBG,3728.6120000000005
FAB,YAW,1290.6520000000005
FCB,FCC,114.519
FCB,FLR,1248.3170000000002
FCB,FOB,1122.312
FCB,FPH,77.307
FCB,FRC,1810.012
FCB,GDP,1244.57
FCB,GDS,3490.8719999999994
FCB,GMS,3334.501
FCB,GRS,1068.9639999999997
FCB,GSU,1351.7329999999997
FCB,HAR,1185.458
FCB,HAW,1052.251
FCB,HIS,1303.1
FCB,HOU,3334.501
FCB,IEC,1623.4600000000003
FCB,INS,3334.501
FCB,IRB,1206.5519999999997
FCB,IRC,1206.5519999999997
FCB,JSC,1219.513
FCB,KCB,1120.037
FCB,KHC,1151.432
FCB,LAW,1216.6699999999998
FCB,LEV,1361.2889999999998
FCB,LNG,1030.8229999999999
FCB,LSE,1063.2549999999999
FCB,MCH,1371.3449999999998
FCB,MCS,1180.4059999999997
FCB,MED,3390.278
FCB,MET,2088.924
FCB,MOR,1100.0569999999998
FCB,MUG,1216.6699999999998
FCB,OSW,1151.748
FCB,PDP,1810.012
FCB,PHO,906.2469999999998
FCB,PLS,1303.1
FCB,PRB,1015.955
FCB,PSY,1343.591
FCB,PTH,1920.683
FCB,REL,1219.513
FCB,RKC,1138.397
FCB,SAC,1283.875
FCB,SAL,1396.07
FCB,SAR,1260.778
FCB,SCI,1080.132
FCB,SDM,3490.8719999999994
FCB,SHA,1804.2389999999998
FCB,SLB,1063.2549999999999
FCB,SOC,1343.591
FCB,SPH,3390.278
FCB,SSW,1451.951
FCB,STH,1194.9209999999998
FCB,STO,1218.3169999999998
FCB,THA,1517.601
FCB,TTC,2536.711
FCB,WEA,1231.5729999999999
FCB,WED,1123.578
FCB,XBG,3563.355
FCB,YAW,1125.395
FCC,FLR,1219.818
FCC,FOB,1093.8129999999996
FCC,FPH,170.923
FCC,FRC,1781.5129999999997
FCC,GDP,1340.8650000000002
FCC,GDS,3587.167
FCC,GMS,3430.796
FCC,GRS,1040.4649999999995
FCC,GSU,1323.2339999999997
FCC,HAR,1156.959
FCC,HAW,1023.752
FCC,HIS,1274.6009999999997
FCC,HOU,3430.796
FCC,IEC,1594.961
FCC,INS,3430.796
FCC,IRB,1178.0529999999997
FCC,IRC,1178.0529999999997
FCC,JSC,1191.014
FCC,KCB,1216.3320000000006
FCC,KHC,1247.7270000000005
FCC,LAW,1188.1709999999996
FCC,LEV,1332.7899999999995
FCC,LNG,1002.3239999999997
FCC,LSE,1034.7559999999999
FCC,MCH,1342.8459999999995
FCC,MCS,1151.9069999999995
FCC,MED,3486.5729999999994
FCC,MET,2060.4249999999997
FCC,MOR,1071.5579999999998
FCC,MUG,1188.1709999999996
FCC,OSW,1123.249
FCC,PDP,1781.5129999999997
FCC,PHO,877.7479999999997
FCC,PLS,1274.6009999999997
FCC,PRB,987.456
FCC,PSY,1315.0919999999999
FCC,PTH,1892.1839999999997
FCC,REL,1191.014
FCC,RKC,1109.898
FCC,SAC,1255.376
FCC,SAL,1367.571
FCC,SAR,1232.279
FCC,SCI,1051.633
FCC,SDM,3587.167
FCC,SHA,1775.7399999999996
FCC,SLB,1034.7559999999999
FCC,SOC,1315.0919999999999
FCC,SPH,3486.5729999999994
FCC,SSW,1423.4519999999998
FCC,STH,1166.4219999999996
FCC,STO,1189.8179999999998
FCC,THA,1489.1019999999999
FCC,TTC,2508.2119999999995
FCC,WEA,1203.0739999999998
FCC,WED,1095.079
FCC,XBG,3659.6500000000005
FCC,YAW,1221.6900000000005
FLR,FOB,590.164
FLR,FPH,1313.7310000000002
FLR,FRC,601.418
FLR,GDP,1445.153
FLR,GDS,4057.317999999998
FLR,GMS,3981.794999999998
FLR,GRS,523.43
FLR,GSU,351.35999999999996
FLR,HAR,1031.5699999999997
FLR,HAW,1034.1580000000001
FLR,HIS,762.0670000000001
FLR,HOU,3981.794999999998
FLR,IEC,414.866
FLR,INS,3981.794999999998
FLR,IRB,1018.4399999999999
FLR,IRC,1018.4399999999999
FLR,JSC,1041.9180000000001
FLR,KCB,1144.8739999999998
FLR,KHC,1267.636
FLR,LAW,403.907
FLR,LEV,711.9120000000001
FLR,LNG,588.8729999999999
FLR,LSE,894.7959999999999
FLR,MCH,558.582
FLR,MCS,648.258
FLR,MED,4131.623999999999
FLR,MET,880.33
FLR,MOR,902.2730000000001
FLR,MUG,403.907
FLR,OSW,990.7359999999999
FLR,PDP,601.418
FLR,PHO,465.431
FLR,PLS,762.0670000000001
FLR,PRB,967.6030000000002
FLR,PSY,1175.132
FLR,PTH,712.089
FLR,REL,1041.9180000000001
FLR,RKC,820.836
FLR,SAC,283.50199999999995
FLR,SAL,221.13800000000003
FLR,SAR,799.391
FLR,SCI,984.2550000000002
FLR,SDM,4057.317999999998
FLR,SHA,595.6450000000001
FLR,SLB,894.7959999999999
FLR,SOC,1175.132
FLR,SPH,4131.623999999999
FLR,SSW,640.0020000000001
FLR,STH,382.15799999999996
FLR,STO,680.036
FLR,THA,309.007
FLR,TTC,1328.1170000000004
FLR,WEA,921.4239999999999
FLR,WED,936.5909999999999
FLR,XBG,4129.800999999998
FLR,YAW,1210.1
FOB,FPH,1187.726
FOB,FRC,1100.8929999999998
FOB,GDP,949.045
FOB,GDS,3547.7859999999987
FOB,GMS,3472.2629999999986
FOB,GRS,173.53599999999997
FOB,GSU,618.396
FOB,HAR,526.7449999999999
FOB,HAW,1202.359
FOB,HIS,264.568
FOB,HOU,3472.2629999999986
FOB,IEC,932.1500000000001
FOB,INS,3472.2629999999986
FOB,IRB,517.652
FOB,IRC,517.652
FOB,JSC,545.81
FOB,KCB,640.049
FOB,KHC,771.5279999999999
FOB,LAW,430.282
FOB,LEV,322.75699999999995
FOB,LNG,91.821
FOB,LSE,386.48199999999997
FOB,MCH,510.274
FOB,MCS,138.726
FOB,MED,3622.091999999999
FOB,MET,1397.6140000000005
FOB,MOR,392.741
FOB,MUG,430.282
FOB,OSW,486.2129999999999
FOB,PDP,1100.8929999999998
FOB,PHO,216.065
FOB,PLS,264.568
FOB,PRB,458.07099999999997
FOB,PSY,666.818
FOB,PTH,1214.2390000000003
FOB,REL,545.81
FOB,RKC,311.3039999999999
FOB,SAC,556.963
FOB,SAL,669.1579999999999
FOB,SAR,295.82
FOB,SCI,474.72299999999996
FOB,SDM,3547.7859999999987
FOB,SHA,1112.929
FOB,SLB,386.48199999999997
FOB,SOC,666.818
FOB,SPH,3622.091999999999
FOB,SSW,413.419
FOB,STH,408.53299999999996
FOB,STO,182.68
FOB,THA,808.482
FOB,TTC,1829.9460000000006
FOB,WEA,420.6360000000001
FOB,WED,432.61499999999995
FOB,XBG,3620.2689999999993
FOB,YAW,705.275
FPH,FRC,1875.4259999999997
FPH,GDP,1321.8770000000002
FPH,GDS,3568.179
FPH,GMS,3411.808
FPH,GRS,1134.378
FPH,GSU,1417.1469999999997
FPH,HAR,1250.872
FPH,HAW,1053.9339999999997
FPH,HIS,1368.5139999999997
FPH,HOU,3411.808
FPH,IEC,1688.874
FPH,INS,3411.808
FPH,IRB,1271.966
FPH,IRC,1271.966
FPH,JSC,1284.927
FPH,KCB,1197.3440000000005
FPH,KHC,1228.7390000000005
FPH,LAW,1282.0839999999996
FPH,LEV,1426.7029999999995
FPH,LNG,1096.2369999999999
FPH,LSE,1128.669
FPH,MCH,1436.7589999999996
FPH,MCS,1245.8199999999995
FPH,MED,3467.5849999999996
FPH,MET,2154.3379999999997
FPH,MOR,1165.471
FPH,MUG,1282.0839999999996
FPH,OSW,1217.162
FPH,PDP,1875.4259999999997
FPH,PHO,971.6609999999998
FPH,PLS,1368.5139999999997
FPH,PRB,1081.3690000000001
FPH,PSY,1409.005
FPH,PTH,1986.0969999999998
FPH,REL,1284.927
FPH,RKC,1203.8110000000001
FPH,SAC,1349.289
FPH,SAL,1461.484
FPH,SAR,1326.1920000000002
FPH,SCI,1145.546
FPH,SDM,3568.179
FPH,SHA,1869.6529999999996
FPH,SLB,1128.669
FPH,SOC,1409.005
FPH,SPH,3467.5849999999996
FPH,SSW,1517.3649999999998
FPH,STH,1260.3349999999996
FPH,STO,1283.7309999999998
FPH,THA,1583.0149999999999
FPH,TTC,2602.1249999999995
FPH,WEA,1296.987
FPH,WED,1188.9920000000002
FPH,XBG,3640.6620000000007
FPH,YAW,1202.7020000000007
FRC,GDP,1888.974
FRC,GDS,4559.302999999997
FRC,GMS,4483.779999999998
FRC,GRS,971.8099999999998
FRC,GSU,793.377
FRC,HAR,1479.9499999999996
FRC,HAW,1595.8529999999998
FRC,HIS,1205.8880000000001
FRC,HOU,4483.779999999998
FRC,IEC,188.44899999999996
FRC,INS,4483.779999999998
FRC,IRB,1463.2
FRC,IRC,1463.2
FRC,JSC,1485.739
FRC,KCB,1593.2539999999997
FRC,KHC,1711.4569999999999
FRC,LAW,847.728
FRC,LEV,1155.7330000000002
FRC,LNG,1099.602
FRC,LSE,1405.525
FRC,MCH,1002.4029999999999
FRC,MCS,1157.986
FRC,MED,4633.609
FRC,MET,554.428
FRC,MOR,1412.0010000000002
FRC,MUG,847.728
FRC,OSW,1439.1159999999998
FRC,PDP,0.0
FRC,PHO,976.1600000000001
FRC,PLS,1205.8880000000001
FRC,PRB,1477.3310000000004
FRC,PSY,1685.861
FRC,PTH,306.15100000000007
FRC,REL,1485.739
FRC,RKC,1330.5640000000003
FRC,SAC,725.5189999999999
FRC,SAL,656.1139999999999
FRC,SAR,1247.7709999999997
FRC,SCI,1493.9830000000004
FRC,SDM,4559.302999999997
FRC,SHA,329.06200000000007
FRC,SLB,1405.525
FRC,SOC,1685.861
FRC,SPH,4633.609
FRC,SSW,1083.823
FRC,STH,825.9789999999999
FRC,STO,1128.4159999999997
FRC,THA,292.41099999999994
FRC,TTC,919.793
FRC,WEA,1369.8039999999996
FRC,WED,1384.9709999999998
FRC,XBG,4631.785999999996
FRC,YAW,1658.4799999999998
GDP,GDS,2798.1849999999995
GDP,GMS,2722.6619999999994
GDP,GRS,943.9649999999998
GDP,GSU,1174.236
GDP,HAR,451.397
GDP,HAW,1699.985
GDP,HIS,688.7049999999999
GDP,HOU,2722.6619999999994
GDP,IEC,1779.0449999999996
GDP,INS,2722.6619999999994
GDP,IRB,432.168
GDP,IRC,432.168
GDP,JSC,414.495
GDP,KCB,333.473
GDP,KHC,189.652
GDP,LAW,1084.7440000000001
GDP,LEV,733.241
GDP,LNG,958.4479999999999
GDP,LSE,693.2019999999999
GDP,MCH,928.7920000000001
GDP,MCS,810.3189999999998
GDP,MED,2872.4909999999995
GDP,MET,2244.446
GDP,MOR,583.7570000000001
GDP,MUG,1084.7440000000001
GDP,OSW,485.70799999999997
GDP,PDP,1888.9739999999997
GDP,PHO,1081.3299999999997
GDP,PLS,688.7049999999999
GDP,PRB,618.182
GDP,PSY,973.5379999999999
GDP,PTH,2004.3849999999995
GDP,REL,414.495
GDP,RKC,690.397
GDP,SAC,1338.379
GDP,SAL,1450.5739999999998
GDP,SAR,660.346
GDP,SCI,560.6619999999999
GDP,SDM,2798.1849999999995
GDP,SHA,1959.8239999999992
GDP,SLB,693.2019999999999
GDP,SOC,973.5379999999999
GDP,SPH,2872.4909999999995
GDP,SSW,831.9370000000001
GDP,STH,1062.9950000000001
GDP,STO,790.3949999999999
GDP,THA,1596.5629999999999
GDP,TTC,2618.027
GDP,WEA,537.7
GDP,WED,523.1460000000001
GDP,XBG,2870.668
GDP,YAW,281.47299999999996
GDS,GMS,264.305
GDS,GRS,3613.601
GDS,GSU,3972.421
GDS,HAR,3092.5190000000002
GDS,HAW,4241.295
GDS,HIS,3486.8899999999994
GDS,HOU,264.305
GDS,IEC,4399.303999999999
GDS,INS,264.305
GDS,IRB,3230.353
GDS,IRC,3230.353
GDS,JSC,3212.68
GDS,KCB,2974.5950000000003
GDS,KHC,2987.837
GDS,LAW,3880.6140000000005
GDS,LEV,3531.426
GDS,LNG,3558.974999999999
GDS,LSE,3282.792
GDS,MCH,3726.977
GDS,MCS,3409.059999999999
GDS,MED,267.55899999999997
GDS,MET,4864.767999999999
GDS,MOR,3174.1890000000003
GDS,MUG,3880.6140000000005
GDS,OSW,3197.5950000000003
GDS,PDP,4559.303000000003
GDS,PHO,3683.218999999999
GDS,PLS,3486.8899999999994
GDS,PRB,3207.7720000000004
GDS,PSY,3563.1279999999997
GDS,PTH,4672.649000000003
GDS,REL,3212.68
GDS,RKC,3280.829
GDS,SAC,4015.373000000002
GDS,SAL,4127.568000000002
GDS,SAR,3320.078
GDS,SCI,3150.2520000000004
GDS,SDM,0.0
GDS,SHA,4580.083
GDS,SLB,3282.792
GDS,SOC,3563.1279999999997
GDS,SPH,267.55899999999997
GDS,SSW,3630.122
GDS,STH,3858.8650000000007
GDS,STO,3460.0310000000004
GDS,THA,4266.892000000003
GDS,TTC,5288.356000000002
GDS,WEA,3275.964000000001
GDS,WED,3182.878
GDS,XBG,72.946
GDS,YAW,2979.9530000000004
GMS,GRS,3538.078
GMS,GSU,3896.898
GMS,HAR,3016.996
GMS,HAW,4084.924
GMS,HIS,3411.3669999999997
GMS,HOU,0.0
GMS,IEC,4323.780999999999
GMS,INS,0.0
GMS,IRB,3154.8300000000004
GMS,IRC,3154.8300000000004
GMS,JSC,3137.157
GMS,KCB,2899.072
GMS,KHC,2912.3140000000003
GMS,LAW,3805.0910000000003
GMS,LEV,3455.9030000000002
GMS,LNG,3483.451999999999
GMS,LSE,3207.269
GMS,MCH,3651.454
GMS,MCS,3333.536999999999
GMS,MED,228.05800000000002
GMS,MET,4789.244999999999
GMS,MOR,3098.666
GMS,MUG,3805.0910000000003
GMS,OSW,3122.072
GMS,PDP,4483.7800000000025
GMS,PHO,3607.695999999999
GMS,PLS,3411.3669999999997
GMS,PRB,3132.2490000000003
GMS,PSY,3487.6049999999996
GMS,PTH,4597.126000000003
GMS,REL,3137.157
GMS,RKC,3205.306
GMS,SAC,3939.8500000000017
GMS,SAL,4052.045000000002
GMS,SAR,3244.555
GMS,SCI,3074.7290000000003
GMS,SDM,264.305
GMS,SHA,4504.5599999999995
GMS,SLB,3207.269
GMS,SOC,3487.6049999999996
GMS,SPH,228.05800000000002
GMS,SSW,3554.599
GMS,STH,3783.3420000000006
GMS,STO,3384.5080000000003
GMS,THA,4191.369000000002
GMS,TTC,5212.833000000001
GMS,WEA,3200.4410000000007
GMS,WED,3107.355
GMS,XBG,336.288
GMS,YAW,2904.4300000000003
GRS,GSU,475.69
GRS,HAR,525.702
GRS,HAW,1145.452
GRS,HIS,259.488
GRS,HOU,3538.077999999999
GRS,IEC,857.322
GRS,INS,3538.077999999999
GRS,IRB,512.572
GRS,IRC,512.572
GRS,JSC,540.73
GRS,KCB,639.0060000000001
GRS,KHC,766.448
GRS,LAW,285.99
GRS,LEV,317.67699999999996
GRS,LNG,180.04399999999998
GRS,LSE,466.322
GRS,MCH,440.66499999999996
GRS,MCS,218.56599999999997
GRS,MED,3687.9069999999992
GRS,MET,1322.723
GRS,MOR,472.58099999999996
GRS,MUG,285.99
GRS,OSW,484.868
GRS,PDP,971.8100000000001
GRS,PHO,162.717
GRS,PLS,259.488
GRS,PRB,537.911
GRS,PSY,746.658
GRS,PTH,1087.2209999999998
GRS,REL,540.73
GRS,RKC,391.14399999999995
GRS,SAC,421.215
GRS,SAL,533.41
GRS,SAR,293.523
GRS,SCI,554.5629999999999
GRS,SDM,3613.600999999999
GRS,SHA,1038.1009999999999
GRS,SLB,466.322
GRS,SOC,746.658
GRS,SPH,3687.9069999999992
GRS,SSW,408.33899999999994
GRS,STH,264.241
GRS,STO,174.168
GRS,THA,679.399
GRS,TTC,1700.8630000000005
GRS,WEA,415.55600000000004
GRS,WED,430.723
GRS,XBG,3686.084
GRS,YAW,704.2320000000001
GSU,HAR,918.6119999999997
GSU,HAW,1145.316
GSU,HIS,495.853
GSU,HOU,3896.897999999997
GSU,IEC,685.2520000000001
GSU,INS,3896.897999999997
GSU,IRB,753.165
GSU,IRC,753.165
GSU,JSC,771.001
GSU,KCB,1031.9159999999997
GSU,KHC,996.7189999999999
GSU,LAW,351.608
GSU,LEV,440.995
GSU,LNG,617.105
GSU,LSE,861.632
GSU,MCH,309.199
GSU,MCS,621.695
GSU,MED,4046.7269999999976
GSU,MET,1150.653
GSU,MOR,867.8910000000001
GSU,MUG,351.608
GSU,OSW,825.0729999999999
GSU,PDP,793.3770000000001
GSU,PHO,493.663
GSU,PLS,495.853
GSU,PRB,931.328
GSU,PSY,1141.9679999999998
GSU,PTH,908.7879999999999
GSU,REL,771.001
GSU,RKC,786.454
GSU,SAC,227.54399999999998
GSU,SAL,354.97700000000003
GSU,SAR,686.4329999999999
GSU,SCI,947.98
GSU,SDM,3972.420999999997
GSU,SHA,866.0310000000001
GSU,SLB,861.632
GSU,SOC,1141.9679999999998
GSU,SPH,4046.7269999999976
GSU,SSW,373.788
GSU,STH,329.859
GSU,STO,601.7710000000001
GSU,THA,500.966
GSU,TTC,1522.43
GSU,WEA,716.7889999999999
GSU,WED,823.6329999999998
GSU,XBG,4044.9039999999977
GSU,YAW,1012.7999999999998
HAR,HAW,1405.6160000000002
HAR,HIS,422.759
HAR,HOU,3016.9959999999987
HAR,IEC,1365.4619999999998
HAR,INS,3016.9959999999987
HAR,IRB,177.489
HAR,IRC,177.489
HAR,JSC,177.461
HAR,KCB,117.924
HAR,KHC,290.217
HAR,LAW,794.1300000000001
HAR,LEV,480.948
HAR,LNG,537.934
HAR,LSE,297.25500000000005
HAR,MCH,668.4650000000001
HAR,MCS,388.01899999999995
HAR,MED,3166.8249999999994
HAR,MET,1830.8629999999998
HAR,MOR,153.91
HAR,MUG,794.1300000000001
HAR,OSW,109.696
HAR,PDP,1479.9499999999998
HAR,PHO,661.319
HAR,PLS,422.759
HAR,PRB,190.58800000000002
HAR,PSY,577.5910000000001
HAR,PTH,1595.3609999999996
HAR,REL,177.461
HAR,RKC,260.54999999999995
HAR,SAC,929.3550000000001
HAR,SAL,1041.5500000000002
HAR,SAR,232.17899999999997
HAR,SCI,178.57
HAR,SDM,3092.518999999999
HAR,SHA,1546.2409999999993
HAR,SLB,297.25500000000005
HAR,SOC,577.5910000000001
HAR,SPH,3166.8249999999994
HAR,SSW,571.6100000000001
HAR,STH,772.3810000000001
HAR,STO,372.132
HAR,THA,1187.539
HAR,TTC,2209.003
HAR,WEA,202.51
HAR,WED,94.979
HAR,XBG,3165.0019999999995
HAR,YAW,183.15
HAW,HIS,1383.147
HAW,HOU,4084.923999999999
HAW,IEC,1409.301
HAW,INS,4084.923999999999
HAW,IRB,1426.7099999999998
HAW,IRC,1426.7099999999998
HAW,JSC,1439.6709999999996
HAW,KCB,1516.1860000000001
HAW,KHC,1593.3650000000002
HAW,LAW,1177.879
HAW,LEV,1441.3359999999998
HAW,LNG,1110.8700000000001
HAW,LSE,1283.413
HAW,MCH,1332.5539999999999
HAW,MCS,1260.4529999999997
HAW,MED,4140.700999999999
HAW,MET,1874.7649999999999
HAW,MOR,1320.215
HAW,MUG,1177.879
HAW,OSW,1371.9059999999997
HAW,PDP,1595.8529999999996
HAW,PHO,986.2940000000001
HAW,PLS,1383.147
HAW,PRB,1236.113
HAW,PSY,1563.749
HAW,PTH,1706.524
HAW,REL,1439.6709999999996
HAW,RKC,1358.555
HAW,SAC,1077.458
HAW,SAL,1189.653
HAW,SAR,1416.6880000000003
HAW,SCI,1300.2899999999997
HAW,SDM,4241.294999999998
HAW,SHA,1590.0799999999995
HAW,SLB,1283.413
HAW,SOC,1563.749
HAW,SPH,4140.700999999999
HAW,SSW,1413.974
HAW,STH,1156.1299999999999
HAW,STO,1298.364
HAW,THA,1303.4419999999998
HAW,TTC,2322.5519999999997
HAW,WEA,1451.731
HAW,WED,1343.736
HAW,XBG,4313.7779999999975
HAW,YAW,1530.0740000000005
HIS,HOU,3411.366999999999
HIS,IEC,1095.9589999999998
HIS,INS,3411.366999999999
HIS,IRB,257.312
HIS,IRC,257.312
HIS,JSC,285.46999999999997
HIS,KCB,536.063
HIS,KHC,511.188
HIS,LAW,401.658
HIS,LEV,58.18899999999999
HIS,LNG,273.971
HIS,LSE,365.77900000000005
HIS,MCH,245.706
HIS,MCS,125.842
HIS,MED,3561.1959999999995
HIS,MET,1561.36
HIS,MOR,372.038
HIS,MUG,401.658
HIS,OSW,329.21999999999997
HIS,PDP,1205.8879999999997
HIS,PHO,396.85299999999995
HIS,PLS,0.0
HIS,PRB,435.4749999999999
HIS,PSY,646.115
HIS,PTH,1321.2989999999995
HIS,REL,285.46999999999997
HIS,RKC,290.601
HIS,SAC,655.293
HIS,SAL,767.4879999999999
HIS,SAR,190.58
HIS,SCI,452.12699999999995
HIS,SDM,3486.889999999999
HIS,SHA,1276.7379999999994
HIS,SLB,365.77900000000005
HIS,SOC,646.115
HIS,SPH,3561.1959999999995
HIS,SSW,148.851
HIS,STH,379.909
HIS,STO,105.918
HIS,THA,913.4769999999999
HIS,TTC,1934.941
HIS,WEA,220.93599999999998
HIS,WED,327.78
HIS,XBG,3559.3729999999996
HIS,YAW,516.947
HOU,IEC,4323.780999999999
HOU,INS,0.0
HOU,IRB,3154.8300000000004
HOU,IRC,3154.8300000000004
HOU,JSC,3137.157
HOU,KCB,2899.072
HOU,KHC,2912.3140000000003
HOU,LAW,3805.0910000000003
HOU,LEV,3455.9030000000002
HOU,LNG,3483.451999999999
HOU,LSE,3207.269
HOU,MCH,3651.454
HOU,MCS,3333.536999999999
HOU,MED,228.05800000000002
HOU,MET,4789.244999999999
HOU,MOR,3098.666
HOU,MUG,3805.0910000000003
HOU,OSW,3122.072
HOU,PDP,4483.7800000000025
HOU,PHO,3607.695999999999
HOU,PLS,3411.3669999999997
HOU,PRB,3132.2490000000003
HOU,PSY,3487.6049999999996
HOU,PTH,4597.126000000003
HOU,REL,3137.157
HOU,RKC,3205.306
HOU,SAC,3939.8500000000017
HOU,SAL,4052.045000000002
HOU,SAR,3244.555
HOU,SCI,3074.7290000000003
HOU,SDM,264.305
HOU,SHA,4504.5599999999995
HOU,SLB,3207.269
HOU,SOC,3487.6049999999996
HOU,SPH,228.05800000000002
HOU,SSW,3554.599
HOU,STH,3783.3420000000006
HOU,STO,3384.5080000000003
HOU,THA,4191.369000000002
HOU,TTC,5212.833000000001
HOU,WEA,3200.4410000000007
HOU,WED,3107.355
HOU,XBG,336.288
HOU,YAW,2904.4300000000003
IEC,INS,4323.780999999998
IEC,IRB,1352.3319999999999
IEC,IRC,1352.3319999999999
IEC,JSC,1375.8100000000002
IEC,KCB,1478.766
IEC,KHC,1601.528
IEC,LAW,737.7990000000001
IEC,LEV,1045.8040000000003
IEC,LNG,930.8589999999999
IEC,LSE,1236.7819999999997
IEC,MCH,892.474
IEC,MCS,990.244
IEC,MED,4473.609999999999
IEC,MET,465.46400000000006
IEC,MOR,1244.259
IEC,MUG,737.7990000000001
IEC,OSW,1324.6280000000002
IEC,PDP,188.44899999999998
IEC,PHO,807.4169999999999
IEC,PLS,1095.9590000000003
IEC,PRB,1309.5890000000002
IEC,PSY,1517.1179999999997
IEC,PTH,297.223
IEC,REL,1375.8100000000002
IEC,RKC,1162.8220000000001
IEC,SAC,617.394
IEC,SAL,553.3349999999999
IEC,SAR,1133.2830000000001
IEC,SCI,1326.2410000000002
IEC,SDM,4399.303999999997
IEC,SHA,180.779
IEC,SLB,1236.7819999999997
IEC,SOC,1517.1179999999997
IEC,SPH,4473.609999999999
IEC,SSW,973.8940000000001
IEC,STH,716.0500000000001
IEC,STO,1013.928
IEC,THA,192.00199999999998
IEC,TTC,913.2510000000001
IEC,WEA,1255.3160000000003
IEC,WED,1270.4830000000002
IEC,XBG,4471.786999999997
IEC,YAW,1543.9920000000002
INS,IRB,3154.8300000000004
INS,IRC,3154.8300000000004
INS,JSC,3137.157
INS,KCB,2899.072
INS,KHC,2912.3140000000003
INS,LAW,3805.0910000000003
INS,LEV,3455.9030000000002
INS,LNG,3483.451999999999
INS,LSE,3207.269
INS,MCH,3651.454
INS,MCS,3333.536999999999
INS,MED,228.05800000000002
INS,MET,4789.244999999999
INS,MOR,3098.666
INS,MUG,3805.0910000000003
INS,OSW,3122.072
INS,PDP,4483.7800000000025
INS,PHO,3607.695999999999
INS,PLS,3411.3669999999997
INS,PRB,3132.2490000000003
INS,PSY,3487.6049999999996
INS,PTH,4597.126000000003
INS,REL,3137.157
INS,RKC,3205.306
INS,SAC,3939.8500000000017
INS,SAL,4052.045000000002
INS,SAR,3244.555
INS,SCI,3074.7290000000003
INS,SDM,264.305
INS,SHA,4504.5599999999995
INS,SLB,3207.269
INS,SOC,3487.6049999999996
INS,SPH,228.05800000000002
INS,SSW,3554.599
INS,STH,3783.3420000000006
INS,STO,3384.5080000000003
INS,THA,4191.369000000002
INS,TTC,5212.833000000001
INS,WEA,3200.4410000000007
INS,WED,3107.355
INS,XBG,336.288
INS,YAW,2904.4300000000003
IRB,IRC,0.0
IRB,JSC,28.933
IRB,KCB,290.793
IRB,KHC,254.651
IRB,LAW,658.9699999999999
IRB,LEV,313.81999999999994
IRB,LNG,527.055
IRB,LSE,306.08200000000005
IRB,MCH,503.0179999999999
IRB,MCS,378.92599999999993
IRB,MED,3304.6589999999997
IRB,MET,1817.7329999999997
IRB,MOR,152.581
IRB,MUG,658.9699999999999
IRB,OSW,83.263
IRB,PDP,1463.1999999999996
IRB,PHO,649.9369999999999
IRB,PLS,257.31199999999995
IRB,PRB,199.41500000000002
IRB,PSY,586.4180000000001
IRB,PTH,1578.6109999999994
IRB,REL,28.933
IRB,RKC,259.22099999999995
IRB,SAC,912.6049999999999
IRB,SAL,1024.8
IRB,SAR,228.62
IRB,SCI,207.62099999999998
IRB,SDM,3230.3529999999987
IRB,SHA,1533.1109999999992
IRB,SLB,306.08200000000005
IRB,SOC,586.4180000000001
IRB,SPH,3304.6589999999997
IRB,SSW,406.1629999999999
IRB,STH,637.2209999999999
IRB,STO,359.00199999999995
IRB,THA,1170.7889999999998
IRB,TTC,2192.2529999999997
IRB,WEA,105.532
IRB,WED,91.42
IRB,XBG,3302.8359999999993
IRB,YAW,270.99
IRC,JSC,28.933
IRC,KCB,290.793
IRC,KHC,254.651
IRC,LAW,658.9699999999999
IRC,LEV,313.81999999999994
IRC,LNG,527.055
IRC,LSE,306.08200000000005
IRC,MCH,503.0179999999999
IRC,MCS,378.92599999999993
IRC,MED,3304.6589999999997
IRC,MET,1817.7329999999997
IRC,MOR,152.581
IRC,MUG,658.9699999999999
IRC,OSW,83.263
IRC,PDP,1463.1999999999996
IRC,PHO,649.9369999999999
IRC,PLS,257.31199999999995
IRC,PRB,199.41500000000002
IRC,PSY,586.4180000000001
IRC,PTH,1578.6109999999994
IRC,REL,28.933
IRC,RKC,259.22099999999995
IRC,SAC,912.6049999999999
IRC,SAL,1024.8
IRC,SAR,228.62
IRC,SCI,207.62099999999998
IRC,SDM,3230.3529999999987
IRC,SHA,1533.1109999999992
IRC,SLB,306.08200000000005
IRC,SOC,586.4180000000001
IRC,SPH,3304.6589999999997
IRC,SSW,406.1629999999999
IRC,STH,637.2209999999999
IRC,STO,359.00199999999995
IRC,THA,1170.7889999999998
IRC,TTC,2192.2529999999997
IRC,WEA,105.532
IRC,WED,91.42
IRC,XBG,3302.8359999999993
IRC,YAW,270.99
JSC,KCB,290.765
JSC,KHC,225.71800000000002
JSC,LAW,681.509
JSC,LEV,330.006
JSC,LNG,555.213
JSC,LSE,323.8670000000001
JSC,MCH,525.557
JSC,MCS,407.08399999999995
JSC,MED,3286.9859999999994
JSC,MET,1841.2109999999998
JSC,MOR,180.522
JSC,MUG,681.509
JSC,OSW,82.473
JSC,PDP,1485.7389999999998
JSC,PHO,678.0949999999998
JSC,PLS,285.46999999999997
JSC,PRB,217.20000000000005
JSC,PSY,604.2030000000001
JSC,PTH,1601.1499999999996
JSC,REL,0.0
JSC,RKC,287.162
JSC,SAC,935.1440000000001
JSC,SAL,1047.339
JSC,SAR,257.111
JSC,SCI,212.625
JSC,SDM,3212.679999999999
JSC,SHA,1556.5889999999993
JSC,SLB,323.8670000000001
JSC,SOC,604.2030000000001
JSC,SPH,3286.9859999999994
JSC,SSW,428.702
JSC,STH,659.76
JSC,STO,387.15999999999997
JSC,THA,1193.328
JSC,TTC,2214.792
JSC,WEA,134.46499999999997
JSC,WED,119.91099999999999
JSC,XBG,3285.1629999999996
JSC,YAW,270.2
KCB,KHC,172.29299999999998
KCB,LAW,907.4340000000002
KCB,LEV,594.2520000000002
KCB,LNG,651.238
KCB,LSE,410.5590000000001
KCB,MCH,781.7690000000002
KCB,MCS,501.323
KCB,MED,3048.9009999999994
KCB,MET,1944.167
KCB,MOR,267.214
KCB,MUG,907.4340000000002
KCB,OSW,223.00000000000003
KCB,PDP,1593.2540000000001
KCB,PHO,774.6229999999998
KCB,PLS,536.0630000000001
KCB,PRB,303.89200000000005
KCB,PSY,690.8950000000001
KCB,PTH,1708.665
KCB,REL,290.765
KCB,RKC,373.854
KCB,SAC,1042.6590000000003
KCB,SAL,1154.8540000000003
KCB,SAR,345.48300000000006
KCB,SCI,291.874
KCB,SDM,2974.594999999999
KCB,SHA,1659.5449999999994
KCB,SLB,410.5590000000001
KCB,SOC,690.8950000000001
KCB,SPH,3048.9009999999994
KCB,SSW,684.9140000000002
KCB,STH,885.6850000000002
KCB,STO,485.4360000000001
KCB,THA,1300.8430000000003
KCB,TTC,2322.3070000000002
KCB,WEA,315.814
KCB,WED,208.28300000000004
KCB,XBG,3047.0779999999995
KCB,YAW,65.226
KHC,LAW,907.2270000000002
KHC,LEV,555.724
KHC,LNG,780.931
KHC,LSE,549.5849999999999
KHC,MCH,751.2750000000002
KHC,MCS,632.802
KHC,MED,3062.142999999999
KHC,MET,2066.9289999999996
KHC,MOR,406.23999999999995
KHC,MUG,907.2270000000002
KHC,OSW,308.191
KHC,PDP,1711.4569999999999
KHC,PHO,903.8129999999999
KHC,PLS,511.188
KHC,PRB,442.918
KHC,PSY,829.9209999999999
KHC,PTH,1826.8679999999997
KHC,REL,225.71800000000002
KHC,RKC,512.88
KHC,SAC,1160.862
KHC,SAL,1273.057
KHC,SAR,482.829
KHC,SCI,438.3430000000001
KHC,SDM,2987.8369999999986
KHC,SHA,1782.3069999999993
KHC,SLB,549.5849999999999
KHC,SOC,829.9209999999999
KHC,SPH,3062.142999999999
KHC,SSW,654.4200000000002
KHC,STH,885.4780000000002
KHC,STO,612.878
KHC,THA,1419.046
KHC,TTC,2440.51
KHC,WEA,360.183
KHC,WED,345.629
KHC,XBG,3060.3199999999993
KHC,YAW,107.06700000000001
LAW,LEV,351.50299999999993
LAW,LNG,428.991
LAW,LSE,732.101
LAW,MCH,198.17299999999997
LAW,MCS,484.34499999999997
LAW,MED,3954.919999999999
LAW,MET,1203.2
LAW,MOR,738.36
LAW,MUG,0.0
LAW,OSW,730.8779999999999
LAW,PDP,847.7280000000001
LAW,PHO,311.82800000000003
LAW,PLS,401.65799999999996
LAW,PRB,803.69
LAW,PSY,1012.437
LAW,PTH,963.1389999999999
LAW,REL,681.5089999999999
LAW,RKC,656.923
LAW,SAC,297.133
LAW,SAL,409.32800000000003
LAW,SAR,561.951
LAW,SCI,820.3420000000001
LAW,SDM,3880.6139999999987
LAW,SHA,918.5780000000001
LAW,SLB,732.101
LAW,SOC,1012.437
LAW,SPH,3954.919999999999
LAW,SSW,279.59299999999996
LAW,STH,21.749
LAW,STO,442.596
LAW,THA,555.317
LAW,TTC,1576.7810000000002
LAW,WEA,622.5939999999999
LAW,WED,699.1510000000001
LAW,XBG,3953.0969999999993
LAW,YAW,918.6049999999999
LEV,LNG,332.15999999999997
LEV,LSE,423.968
LEV,MCH,195.55100000000002
LEV,MCS,184.031
LEV,MED,3605.7319999999995
LEV,MET,1511.205
LEV,MOR,430.227
LEV,MUG,351.50299999999993
LEV,OSW,387.409
LEV,PDP,1155.7329999999995
LEV,PHO,455.0419999999999
LEV,PLS,58.18900000000001
LEV,PRB,493.66399999999993
LEV,PSY,704.3040000000001
LEV,PTH,1271.1439999999996
LEV,REL,330.006
LEV,RKC,348.78999999999996
LEV,SAC,605.1379999999998
LEV,SAL,717.3329999999997
LEV,SAR,248.769
LEV,SCI,510.3159999999999
LEV,SDM,3531.425999999999
LEV,SHA,1226.5829999999994
LEV,SLB,423.968
LEV,SOC,704.3040000000001
LEV,SPH,3605.7319999999995
LEV,SSW,98.69600000000001
LEV,STH,329.7539999999999
LEV,STO,164.107
LEV,THA,863.3219999999997
LEV,TTC,1884.7860000000003
LEV,WEA,279.125
LEV,WED,385.969
LEV,XBG,3603.9089999999997
LEV,YAW,575.136
LNG,LSE,305.923
LNG,MCH,519.6769999999999
LNG,MCS,149.91500000000002
LNG,MED,3633.2809999999995
LNG,MET,1396.3230000000003
LNG,MOR,403.93
LNG,MUG,428.991
LNG,OSW,497.40199999999993
LNG,PDP,1099.602
LNG,PHO,124.576
LNG,PLS,273.97099999999995
LNG,PRB,404.54200000000003
LNG,PSY,586.259
LNG,PTH,1212.948
LNG,REL,555.213
LNG,RKC,322.493
LNG,SAC,555.6719999999999
LNG,SAL,667.8669999999998
LNG,SAR,307.009
LNG,SCI,485.91200000000003
LNG,SDM,3558.974999999999
LNG,SHA,1111.638
LNG,SLB,305.923
LNG,SOC,586.259
LNG,SPH,3633.2809999999995
LNG,SSW,422.8219999999999
LNG,STH,407.24199999999996
LNG,STO,189.188
LNG,THA,807.191
LNG,TTC,1828.6550000000004
LNG,WEA,430.03900000000004
LNG,WED,443.804
LNG,XBG,3631.4579999999996
LNG,YAW,716.464
LSE,MCH,611.485
LSE,MCS,247.75599999999997
LSE,MED,3357.0979999999995
LSE,MET,1702.2459999999996
LSE,MOR,191.141
LSE,MUG,732.101
LSE,OSW,256.723
LSE,PDP,1405.5249999999999
LSE,PHO,430.499
LSE,PLS,365.779
LSE,PRB,106.667
LSE,PSY,280.336
LSE,PTH,1518.8710000000003
LSE,REL,323.86699999999996
LSE,RKC,75.178
LSE,SAC,861.595
LSE,SAL,973.79
LSE,SAR,351.86199999999997
LSE,SCI,194.52999999999997
LSE,SDM,3282.791999999999
LSE,SHA,1417.5609999999995
LSE,SLB,0.0
LSE,SOC,280.336
LSE,SPH,3357.0979999999995
LSE,SSW,514.63
LSE,STH,710.352
LSE,STO,314.5179999999999
LSE,THA,1113.114
LSE,TTC,2134.578
LSE,WEA,331.103
LSE,WED,214.662
LSE,XBG,3355.2749999999996
LSE,YAW,475.7850000000001
MCH,MCS,371.5479999999999
MCH,MED,3801.2829999999994
MCH,MET,1357.875
MCH,MOR,617.7439999999999
MCH,MUG,198.173
MCH,OSW,574.926
MCH,PDP,1002.403
MCH,PHO,466.503
MCH,PLS,245.70599999999996
MCH,PRB,681.181
MCH,PSY,891.821
MCH,PTH,1117.8139999999999
MCH,REL,525.5569999999999
MCH,RKC,536.307
MCH,SAC,451.80800000000005
MCH,SAL,564.0029999999999
MCH,SAR,436.286
MCH,SCI,697.8330000000001
MCH,SDM,3726.976999999999
MCH,SHA,1073.253
MCH,SLB,611.485
MCH,SOC,891.821
MCH,SPH,3801.2829999999994
MCH,SSW,123.64099999999999
MCH,STH,176.424
MCH,STO,351.62399999999997
MCH,THA,709.992
MCH,TTC,1731.4560000000004
MCH,WEA,466.642
MCH,WED,573.486
MCH,XBG,3799.4599999999996
MCH,YAW,762.653
MCS,MED,3483.365999999999
MCS,MET,1455.708
MCS,MOR,254.015
MCS,MUG,484.34499999999997
MCS,OSW,347.4869999999999
MCS,PDP,1157.986
MCS,PHO,274.159
MCS,PLS,125.842
MCS,PRB,319.34499999999997
MCS,PSY,528.092
MCS,PTH,1271.332
MCS,REL,407.08399999999995
MCS,RKC,172.578
MCS,SAC,614.0559999999999
MCS,SAL,726.2509999999999
MCS,SAR,157.09400000000002
MCS,SCI,335.99699999999996
MCS,SDM,3409.059999999999
MCS,SHA,1171.023
MCS,SLB,247.756
MCS,SOC,528.092
MCS,SPH,3483.365999999999
MCS,SSW,274.693
MCS,STH,462.59599999999995
MCS,STO,66.762
MCS,THA,865.575
MCS,TTC,1887.0390000000004
MCS,WEA,281.90999999999997
MCS,WED,293.88899999999995
MCS,XBG,3481.5429999999997
MCS,YAW,566.549
MED,MET,4939.073999999999
MED,MOR,3248.495
MED,MUG,3954.92
MED,OSW,3271.901
MED,PDP,4633.609000000001
MED,PHO,3757.5249999999987
MED,PLS,3561.195999999999
MED,PRB,3282.078
MED,PSY,3637.4339999999993
MED,PTH,4746.955000000003
MED,REL,3286.9859999999994
MED,RKC,3355.1349999999998
MED,SAC,4089.6790000000015
MED,SAL,4201.874000000002
MED,SAR,3394.3839999999996
MED,SCI,3224.558
MED,SDM,267.559
MED,SHA,4654.388999999999
MED,SLB,3357.0979999999995
MED,SOC,3637.4339999999993
MED,SPH,0.0
MED,SSW,3704.4279999999994
MED,STH,3933.1710000000003
MED,STO,3534.337
MED,THA,4341.198000000001
MED,TTC,5362.662
MED,WEA,3350.2700000000004
MED,WED,3257.1839999999997
MED,XBG,233.535
MED,YAW,3054.259
MET,MOR,1709.723
MET,MUG,1203.2
MET,OSW,1790.029
MET,PDP,554.4279999999999
MET,PHO,1272.8809999999999
MET,PLS,1561.3600000000001
MET,PRB,1775.053
MET,PSY,1982.582
MET,PTH,250.308
MET,REL,1841.211
MET,RKC,1628.286
MET,SAC,1082.7950000000003
MET,SAL,1018.7359999999999
MET,SAR,1598.684
MET,SCI,1791.7050000000002
MET,SDM,4864.767999999998
MET,SHA,379.905
MET,SLB,1702.246
MET,SOC,1982.582
MET,SPH,4939.0740000000005
MET,SSW,1439.295
MET,STH,1181.451
MET,STO,1479.329
MET,THA,656.0989999999999
MET,TTC,455.113
MET,WEA,1720.717
MET,WED,1735.884
MET,XBG,4937.2509999999975
MET,YAW,2009.393
MOR,MUG,738.36
MOR,OSW,113.378
MOR,PDP,1412.001
MOR,PHO,528.174
MOR,PLS,372.038
MOR,PRB,84.474
MOR,PSY,471.477
MOR,PTH,1525.3470000000002
MOR,REL,180.52200000000002
MOR,RKC,125.78399999999999
MOR,SAC,868.071
MOR,SAL,980.266
MOR,SAR,198.361
MOR,SCI,101.126
MOR,SDM,3174.188999999999
MOR,SHA,1425.0379999999996
MOR,SLB,191.141
MOR,SOC,471.477
MOR,SPH,3248.4949999999994
MOR,SSW,520.889
MOR,STH,716.611
MOR,STO,320.77699999999993
MOR,THA,1119.5900000000001
MOR,TTC,2141.054
MOR,WEA,177.60199999999998
MOR,WED,61.161
MOR,XBG,3246.6719999999996
MOR,YAW,332.44
MUG,OSW,730.8779999999999
MUG,PDP,847.7280000000001
MUG,PHO,311.82800000000003
MUG,PLS,401.65799999999996
MUG,PRB,803.69
MUG,PSY,1012.437
MUG,PTH,963.1389999999999
MUG,REL,681.5089999999999
MUG,RKC,656.923
MUG,SAC,297.133
MUG,SAL,409.32800000000003
MUG,SAR,561.951
MUG,SCI,820.3420000000001
MUG,SDM,3880.6139999999987
MUG,SHA,918.5780000000001
MUG,SLB,732.101
MUG,SOC,1012.437
MUG,SPH,3954.919999999999
MUG,SSW,279.59299999999996
MUG,STH,21.749
MUG,STO,442.596
MUG,THA,555.317
MUG,TTC,1576.7810000000002
MUG,WEA,622.5939999999999
MUG,WED,699.1510000000001
MUG,XBG,3953.0969999999993
MUG,YAW,918.6049999999999
OSW,PDP,1439.1159999999998
OSW,PHO,620.7869999999998
OSW,PLS,329.21999999999997
OSW,PRB,150.05599999999998
OSW,PSY,537.059
OSW,PTH,1554.5269999999996
OSW,REL,82.47300000000001
OSW,RKC,220.018
OSW,SAC,888.5210000000001
OSW,SAL,1000.716
OSW,SAR,191.34499999999997
OSW,SCI,144.85999999999999
OSW,SDM,3197.594999999999
OSW,SHA,1505.4069999999992
OSW,SLB,256.72299999999996
OSW,SOC,537.059
OSW,SPH,3271.9009999999994
OSW,SSW,478.0709999999999
OSW,STH,709.129
OSW,STO,331.298
OSW,THA,1146.705
OSW,TTC,2168.169
OSW,WEA,108.28399999999999
OSW,WED,54.144999999999996
OSW,XBG,3270.0779999999995
OSW,YAW,242.311
PDP,PHO,976.1600000000001
PDP,PLS,1205.8880000000001
PDP,PRB,1477.3310000000004
PDP,PSY,1685.861
PDP,PTH,306.15100000000007
PDP,REL,1485.739
PDP,RKC,1330.5640000000003
PDP,SAC,725.5189999999999
PDP,SAL,656.1139999999999
PDP,SAR,1247.7709999999997
PDP,SCI,1493.9830000000004
PDP,SDM,4559.302999999997
PDP,SHA,329.06200000000007
PDP,SLB,1405.525
PDP,SOC,1685.861
PDP,SPH,4633.609
PDP,SSW,1083.823
PDP,STH,825.9789999999999
PDP,STO,1128.4159999999997
PDP,THA,292.41099999999994
PDP,TTC,919.793
PDP,WEA,1369.8039999999996
PDP,WED,1384.9709999999998
PDP,XBG,4631.785999999996
PDP,YAW,1658.4799999999998
PHO,PLS,396.8529999999999
PHO,PRB,529.118
PHO,PSY,710.835
PHO,PTH,1089.506
PHO,REL,678.0949999999999
PHO,RKC,446.737
PHO,SAC,432.22999999999996
PHO,SAL,544.425
PHO,SAR,430.39399999999995
PHO,SCI,610.1560000000001
PHO,SDM,3683.2189999999996
PHO,SHA,988.196
PHO,SLB,430.499
PHO,SOC,710.835
PHO,SPH,3757.5249999999996
PHO,SSW,545.704
PHO,STH,290.07899999999995
PHO,STO,312.07
PHO,THA,683.749
PHO,TTC,1705.2130000000004
PHO,WEA,552.9209999999999
PHO,WED,567.189
PHO,XBG,3755.702
PHO,YAW,839.8489999999999
PLS,PRB,435.4749999999999
PLS,PSY,646.115
PLS,PTH,1321.2989999999995
PLS,REL,285.46999999999997
PLS,RKC,290.601
PLS,SAC,655.293
PLS,SAL,767.4879999999999
PLS,SAR,190.58
PLS,SCI,452.12699999999995
PLS,SDM,3486.889999999999
PLS,SHA,1276.7379999999994
PLS,SLB,365.77900000000005
PLS,SOC,646.115
PLS,SPH,3561.1959999999995
PLS,SSW,148.851
PLS,STH,379.909
PLS,STO,105.918
PLS,THA,913.4769999999999
PLS,TTC,1934.941
PLS,WEA,220.93599999999998
PLS,WED,327.78
PLS,XBG,3559.3729999999996
PLS,YAW,516.947
PRB,PSY,387.00300000000004
PRB,PTH,1590.6770000000001
PRB,REL,217.2
PRB,RKC,158.631
PRB,SAC,933.401
PRB,SAL,1045.5959999999998
PRB,SAR,245.195
PRB,SCI,87.863
PRB,SDM,3207.7719999999986
PRB,SHA,1490.3679999999995
PRB,SLB,106.667
PRB,SOC,387.00300000000004
PRB,SPH,3282.0779999999995
PRB,SSW,584.3260000000001
PRB,STH,781.941
PRB,STO,384.848
PRB,THA,1184.92
PRB,TTC,2206.384
PRB,WEA,224.43599999999998
PRB,WED,107.995
PRB,XBG,3280.254999999999
PRB,YAW,369.118
PSY,PTH,1799.207
PSY,REL,604.2030000000001
PSY,RKC,355.514
PSY,SAC,1141.9309999999998
PSY,SAL,1254.1259999999997
PSY,SAR,632.1979999999999
PSY,SCI,474.866
PSY,SDM,3563.127999999999
PSY,SHA,1697.8969999999995
PSY,SLB,280.33599999999996
PSY,SOC,0.0
PSY,SPH,3637.4339999999993
PSY,SSW,794.9660000000001
PSY,STH,990.6880000000003
PSY,STO,594.8539999999999
PSY,THA,1393.4499999999998
PSY,TTC,2414.9139999999998
PSY,WEA,611.439
PSY,WED,494.99799999999993
PSY,XBG,3635.6109999999994
PSY,YAW,756.1210000000001
PTH,REL,1601.1499999999999
PTH,RKC,1443.9100000000003
PTH,SAC,840.93
PTH,SAL,771.525
PTH,SAR,1363.182
PTH,SCI,1607.3290000000004
PTH,SDM,4672.648999999998
PTH,SHA,211.66400000000004
PTH,SLB,1518.871
PTH,SOC,1799.207
PTH,SPH,4746.955
PTH,SSW,1199.234
PTH,STH,941.39
PTH,STO,1243.827
PTH,THA,407.82200000000006
PTH,TTC,618.0909999999998
PTH,WEA,1485.2150000000001
PTH,WED,1500.382
PTH,XBG,4745.131999999997
PTH,YAW,1773.891
REL,RKC,287.162
REL,SAC,935.1440000000001
REL,SAL,1047.339
REL,SAR,257.111
REL,SCI,212.625
REL,SDM,3212.679999999999
REL,SHA,1556.5889999999993
REL,SLB,323.8670000000001
REL,SOC,604.2030000000001
REL,SPH,3286.9859999999994
REL,SSW,428.702
REL,STH,659.76
REL,STO,387.15999999999997
REL,THA,1193.328
REL,TTC,2214.792
REL,WEA,134.46499999999997
REL,WED,119.91099999999999
REL,XBG,3285.1629999999996
REL,YAW,270.2
RKC,SAC,786.6339999999999
RKC,SAL,898.8289999999998
RKC,SAR,287.022
RKC,SCI,207.76599999999996
RKC,SDM,3280.8289999999984
RKC,SHA,1343.6009999999994
RKC,SLB,75.17800000000001
RKC,SOC,355.514
RKC,SPH,3355.1349999999993
RKC,SSW,439.4519999999999
RKC,STH,635.174
RKC,STO,239.34
RKC,THA,1038.153
RKC,TTC,2059.617
RKC,WEA,284.242
RKC,WED,167.801
RKC,XBG,3353.311999999999
RKC,YAW,439.08000000000004
SAC,SAL,287.119
SAC,SAR,697.1759999999998
SAC,SCI,950.0530000000002
SAC,SDM,4015.3729999999973
SAC,SHA,798.1730000000001
SAC,SLB,861.595
SAC,SOC,1141.931
SAC,SPH,4089.678999999998
SAC,SSW,533.2280000000001
SAC,STH,275.384
SAC,STO,577.8209999999999
SAC,THA,433.108
SAC,TTC,1454.572
SAC,WEA,819.2089999999998
SAC,WED,834.3759999999997
SAC,XBG,4087.855999999998
SAC,YAW,1107.8849999999998
SAL,SAR,809.3709999999998
SAL,SCI,1062.248
SAL,SDM,4127.5679999999975
SAL,SHA,734.1140000000001
SAL,SLB,973.7899999999998
SAL,SOC,1254.1259999999997
SAL,SPH,4201.873999999998
SAL,SSW,645.423
SAL,STH,387.57899999999995
SAL,STO,690.0159999999998
SAL,THA,363.703
SAL,TTC,1385.1670000000001
SAL,WEA,931.4039999999998
SAL,WED,946.5709999999997
SAL,XBG,4200.050999999997
SAL,YAW,1220.0799999999997
SAR,SCI,261.847
SAR,SDM,3320.077999999999
SAR,SHA,1314.0619999999994
SAR,SLB,351.862
SAR,SOC,632.1980000000001
SAR,SPH,3394.3839999999996
SAR,SSW,339.43100000000004
SAR,STH,540.202
SAR,STO,139.953
SAR,THA,955.3599999999999
SAR,TTC,1976.8240000000003
SAR,WEA,133.146
SAR,WED,137.2
SAR,XBG,3392.5609999999997
SAR,YAW,410.70900000000006
SCI,SDM,3150.251999999999
SCI,SHA,1507.0199999999995
SCI,SLB,194.53
SCI,SOC,474.866
SCI,SPH,3224.5579999999995
SCI,SSW,600.9780000000001
SCI,STH,798.5930000000001
SCI,STO,401.5
SCI,THA,1201.5720000000001
SCI,TTC,2223.036
SCI,WEA,232.642
SCI,WED,124.64699999999999
SCI,XBG,3222.7349999999997
SCI,YAW,357.1
SDM,SHA,4580.083
SDM,SLB,3282.792
SDM,SOC,3563.1279999999997
SDM,SPH,267.55899999999997
SDM,SSW,3630.122
SDM,STH,3858.8650000000007
SDM,STO,3460.0310000000004
SDM,THA,4266.892000000003
SDM,TTC,5288.356000000002
SDM,WEA,3275.964000000001
SDM,WED,3182.878
SDM,XBG,72.946
SDM,YAW,2979.9530000000004
SHA,SLB,1417.5610000000001
SHA,SOC,1697.8970000000002
SHA,SPH,4654.389
SHA,SSW,1154.6730000000002
SHA,STH,896.8290000000002
SHA,STO,1194.7069999999999
SHA,THA,372.78100000000006
SHA,TTC,827.6919999999999
SHA,WEA,1436.0949999999998
SHA,WED,1451.262
SHA,XBG,4652.565999999996
SHA,YAW,1724.771
SLB,SOC,280.336
SLB,SPH,3357.0979999999995
SLB,SSW,514.63
SLB,STH,710.352
SLB,STO,314.5179999999999
SLB,THA,1113.114
SLB,TTC,2134.578
SLB,WEA,331.103
SLB,WED,214.662
SLB,XBG,3355.2749999999996
SLB,YAW,475.7850000000001
SOC,SPH,3637.4339999999993
SOC,SSW,794.9660000000001
SOC,STH,990.6880000000003
SOC,STO,594.8539999999999
SOC,THA,1393.4499999999998
SOC,TTC,2414.9139999999998
SOC,WEA,611.439
SOC,WED,494.99799999999993
SOC,XBG,3635.6109999999994
SOC,YAW,756.1210000000001
SPH,SSW,3704.4279999999994
SPH,STH,3933.1710000000003
SPH,STO,3534.337
SPH,THA,4341.198000000001
SPH,TTC,5362.662
SPH,WEA,3350.2700000000004
SPH,WED,3257.1839999999997
SPH,XBG,233.535
SPH,YAW,3054.259
SSW,STH,257.844
SSW,STO,254.769
SSW,THA,791.4119999999998
SSW,TTC,1812.8760000000004
SSW,WEA,369.78700000000003
SSW,WED,476.63100000000003
SSW,XBG,3702.605
SSW,YAW,665.798
STH,STO,420.847
STH,THA,533.568
STH,TTC,1555.032
STH,WEA,600.845
STH,WED,677.402
STH,XBG,3931.347999999999
STH,YAW,896.856
STO,THA,836.0049999999999
STO,TTC,1857.4690000000003
STO,WEA,261.986
STO,WED,277.153
STO,XBG,3532.5139999999997
STO,YAW,550.662
THA,TTC,1021.464
THA,WEA,1077.3929999999998
THA,WED,1092.5599999999997
THA,XBG,4339.374999999996
THA,YAW,1366.0689999999997
TTC,WEA,2098.857
TTC,WED,2114.024
TTC,XBG,5360.838999999998
TTC,YAW,2387.533
WEA,WED,116.44099999999999
WEA,XBG,3348.446999999999
WEA,YAW,296.01099999999997
WED,XBG,3255.360999999999
WED,YAW,273.509
XBG,YAW,3052.4359999999997
